timestamp,ax,ay,az,gx,gy,gz,pitch,roll,BAR,totacc,status,mov,prob
1682170879371,-8.179,-4.225,2.850,1.890,-1.190,0.350,26.002,-70.788,0.00537109375,9.637,0,,0
1682170879475,-8.270,-4.306,2.692,0.630,0.000,0.840,26.342,-71.969,0.006591796875,9.705,0,,0
1682170879580,-8.112,-4.376,2.881,0.770,-0.140,-0.070,26.944,-70.446,0.018798828125,9.657,0,,0
1682170879684,-8.169,-4.321,2.972,0.140,-0.490,0.700,26.428,-70.007,0.036376953125,9.708,0,,0
1682170879789,-8.203,-4.323,2.850,-0.840,0.350,1.260,26.465,-70.840,0.045654296875,9.701,0,,0
1682170879893,-8.165,-4.369,2.702,-2.170,0.420,-0.350,26.929,-71.691,0.041015625,9.647,0,,0
1682170879998,-8.280,-4.563,2.845,-1.750,0.490,0.770,27.526,-71.035,0.043701171875,9.873,0,,0
1682170880107,-8.217,-4.601,2.857,-3.220,-2.520,3.290,27.872,-70.827,0.049072265625,9.841,0,,0
1682170880214,-8.050,-4.495,3.032,1.260,-1.680,0.490,27.592,-69.360,0.057373046875,9.706,0,,0
1682170880319,-8.246,-4.316,2.987,7.630,-3.710,-5.740,26.202,-70.090,0.0595703125,9.775,0,,0
1682170880425,-8.110,-3.686,3.046,10.640,-3.080,-1.400,23.049,-69.411,0.059326171875,9.415,0,,0
1682170880531,-8.277,-3.820,3.027,2.940,-5.390,9.800,23.434,-69.910,0.054931640625,9.605,0,,0
1682170880638,-8.107,-4.364,3.037,-9.730,-10.430,2.590,26.751,-69.464,0.07421875,9.695,0,,0
1682170880752,-7.813,-4.249,3.231,-8.610,-3.290,0.000,26.682,-67.532,0.09912109375,9.462,0,,0
1682170880856,-8.064,-4.467,3.444,-3.640,-2.660,2.520,26.994,-66.873,0.096923828125,9.841,0,,0
1682170880959,-7.999,-4.467,3.411,1.330,-4.200,1.820,27.187,-66.909,0.101318359375,9.776,0,,0
1682170881064,-8.033,-3.775,3.399,6.440,-4.830,2.380,23.401,-67.068,0.101806640625,9.504,0,,0
1682170881170,-8.090,-4.045,3.463,24.500,-4.340,10.080,24.686,-66.826,0.1103515625,9.685,0,,0
1682170881274,-8.239,-2.924,3.525,45.290,0.840,22.750,18.073,-66.834,0.132080078125,9.426,0,,0
1682170881378,-8.438,-2.682,3.825,31.150,0.420,27.790,16.148,-65.615,0.153076171875,9.645,0,,0
1682170881482,-8.311,-2.881,3.937,8.680,-3.360,19.040,17.396,-64.650,0.15576171875,9.637,0,,0
1682170881585,-8.397,-2.572,4.105,2.940,-1.610,6.580,15.387,-63.947,0.176513671875,9.694,0,,0
1682170881690,-8.656,-2.129,4.158,12.810,3.220,13.090,12.502,-64.343,0.205078125,9.836,0,,0
1682170881792,-8.601,-1.818,4.129,-0.630,0.700,6.580,10.788,-64.355,0.202392578125,9.712,0,,0
1682170881896,-8.572,-2.091,4.122,2.240,-1.820,-2.660,12.398,-64.319,0.218994140625,9.739,0,,0
1682170881999,-8.555,-1.880,4.158,6.580,-1.050,-1.260,11.181,-64.080,0.21484375,9.696,0,,0
1682170882102,-8.414,-1.530,4.048,5.880,-2.170,-3.360,9.309,-64.309,0.222900390625,9.462,0,,0
1682170882208,-8.327,-1.875,3.729,-74.970,4.620,-32.130,11.614,-65.877,0.197021484375,9.315,0,,0
1682170882315,-8.272,-8.133,3.868,-179.060,-32.970,-117.180,41.690,-64.940,0.1533203125,12.228,0,,0
1682170882423,-6.455,-11.008,1.406,-190.610,-10.220,-163.520,59.031,-77.712,0.141357421875,12.838,0,,0
1682170882528,-4.780,-12.536,-1.966,-154.210,63.840,-192.010,67.591,-112.358,0.0986328125,13.560,1,load,0
1682170882633,-1.478,-11.024,-4.500,-163.870,112.490,-170.590,66.749,-161.822,0.04736328125,11.998,1,load,0
1682170882741,1.803,-8.335,-5.518,-115.710,142.100,-125.230,55.142,161.901,0.006103515625,10.157,1,load,0
1682170882853,4.182,-4.859,-4.946,-67.900,151.970,-88.130,36.881,139.785,-0.0205078125,8.097,1,load,0
1682170882958,5.906,-4.455,-4.218,-44.030,126.770,-59.290,31.542,125.531,-0.03466796875,8.516,1,load,0
1682170883066,7.372,-2.297,-2.412,-52.920,93.940,-41.790,16.495,108.116,-0.047119140625,8.090,1,load,0
1682170883171,8.205,-1.768,-2.800,-55.090,93.450,-31.080,11.523,108.840,-0.0458984375,8.848,1,load,0
1682170883275,8.593,-1.976,2.278,-22.890,122.920,-30.450,12.531,75.155,-0.045166015625,9.107,1,load,0
1682170883379,7.698,-0.690,7.142,-18.550,9.870,-8.190,3.758,47.144,-0.029296875,10.523,1,load,0
1682170883484,7.187,-2.872,4.936,40.600,-106.470,79.730,18.229,55.520,0.011474609375,9.180,1,load,0
1682170883589,4.110,-1.777,1.116,102.410,-155.400,199.150,22.650,74.807,-0.0048828125,4.615,1,load,0
1682170883693,2.402,-5.827,-4.031,61.530,-176.960,235.480,51.157,149.207,-0.013916015625,7.481,1,load,0
1682170883798,0.455,-9.982,-6.589,147.000,-152.390,204.890,56.511,176.049,-0.044921875,11.969,1,load,0
1682170883902,-3.954,-12.775,0.383,142.660,-57.330,196.700,72.726,-84.465,-0.02001953125,13.378,1,load,0
1682170884004,-7.326,-10.548,3.379,138.530,32.060,180.320,52.587,-65.238,-0.002197265625,13.280,1,load,0
1682170884107,-8.823,-4.924,3.298,167.930,103.180,160.510,27.599,-69.505,0.019775390625,10.629,1,load,0
1682170884209,-8.593,-5.537,4.665,13.720,26.670,72.310,29.523,-61.502,0.065185546875,11.237,1,load,0
1682170884313,-8.502,-4.656,6.871,-32.060,-11.830,13.020,23.069,-51.056,0.17333984375,11.882,1,load,0
1682170884416,-8.658,-2.658,4.414,12.040,-9.170,20.860,15.299,-62.987,0.236572265625,10.075,1,load,0
1682170884519,-8.955,-1.918,3.188,17.990,-7.910,4.760,11.410,-70.405,0.244873046875,9.697,0,release,0
1682170884623,-8.658,-1.705,3.200,-10.500,0.490,-3.850,10.467,-69.717,0.2265625,9.387,0,release,0
1682170884727,-8.737,-1.492,3.094,-2.520,2.800,-0.070,9.145,-70.498,0.201904296875,9.388,0,release,0
1682170884838,-8.869,-1.653,3.528,-4.900,9.450,0.000,9.823,-68.308,0.205322265625,9.687,0,release,0
1682170884951,-8.850,-1.981,3.741,-71.890,1.330,-6.650,11.648,-67.085,0.199951171875,9.810,0,release,0
1682170885060,-8.706,-2.891,3.858,18.060,-11.060,5.110,16.887,-66.097,0.171142578125,9.952,0,release,0
1682170885168,-8.840,-1.928,3.025,35.000,0.490,13.720,11.659,-71.110,0.17626953125,9.540,0,release,0
1682170885277,-8.783,-2.321,3.126,23.940,4.480,8.400,13.980,-70.411,0.175048828125,9.607,0,release,0
1682170885387,-8.979,-2.038,3.154,26.040,9.380,6.160,12.088,-70.644,0.18115234375,9.733,0,release,0
1682170885493,-8.938,-1.962,3.444,11.830,5.600,3.850,11.573,-68.928,0.157470703125,9.777,0,release,0
1682170885601,-9.084,-1.356,3.554,5.740,2.100,1.680,7.911,-68.632,0.1650390625,9.848,0,release,0
1682170885707,-9.008,-1.257,3.403,5.180,-1.120,-0.280,7.440,-69.302,0.18212890625,9.711,0,release,0
1682170885812,-8.744,-1.966,3.638,-91.560,-17.430,-44.730,11.729,-67.410,0.18603515625,9.673,0,release,0
1682170885920,-8.411,-8.040,2.917,-201.320,-60.060,-161.560,42.085,-70.873,0.165283203125,11.996,1,load,0
1682170886025,-6.114,-12.548,-0.316,-221.340,17.640,-212.380,63.990,-92.960,0.107177734375,13.962,1,load,0
1682170886130,-4.215,-11.508,-4.246,-179.900,105.630,-198.870,62.529,-135.211,0.083984375,12.970,1,load,0
1682170886236,-0.544,-8.838,-7.446,-186.550,157.570,-144.410,49.809,-175.824,0.0673828125,11.569,1,load,0
1682170886341,1.823,-6.651,-6.411,-114.520,192.570,-101.080,44.938,164.131,0.032958984375,9.416,1,load,0
1682170886445,4.879,-3.973,-3.183,-43.960,177.660,-59.080,34.298,123.122,0.016357421875,7.051,1,load,0
1682170886551,7.084,-2.381,-4.464,-55.580,135.800,-52.500,15.870,122.217,0.00830078125,8.705,1,load,0
1682170886659,8.143,-3.549,2.548,14.350,194.250,-40.880,22.587,72.623,0.0078125,9.241,1,load,0
1682170886767,5.774,1.756,7.650,29.610,8.610,-43.400,-10.380,37.047,0.02783203125,9.744,1,load,0
1682170886875,5.906,-1.219,2.752,87.080,-116.410,93.870,10.597,65.017,0.038330078125,6.629,1,load,0
1682170886984,5.212,-4.764,0.733,172.340,-133.840,195.510,42.150,81.995,-4.8828125E-4,7.099,1,load,0
1682170887093,3.090,-10.095,-4.740,104.580,-160.370,246.820,60.731,146.902,-0.02294921875,11.573,1,load,0
1682170887201,-0.304,-9.460,-2.987,132.930,-89.530,233.450,72.394,-174.185,-0.0537109375,9.925,1,load,0
1682170887306,-4.627,-9.520,-0.022,83.160,-0.980,235.550,64.078,-90.267,-0.064697265625,10.585,1,load,0
1682170887410,-7.793,-9.681,1.688,80.990,48.230,216.230,50.521,-77.775,-0.05419921875,12.542,0,release,0
1682170887517,-8.991,-7.944,3.173,193.830,47.180,155.050,39.802,-70.559,-0.0498046875,12.410,0,release,0
1682170887625,-9.357,-4.232,4.345,66.780,27.230,50.540,22.304,-65.095,-0.021728515625,11.151,0,release,0
1682170887734,-8.445,-4.227,4.591,-54.390,-11.760,-0.630,23.739,-61.468,-0.0078125,10.501,0,release,0
1682170887843,-8.833,-3.293,3.018,-17.500,-10.570,-5.250,19.433,-71.137,0.014892578125,9.898,0,release,0
1682170887947,-8.591,-2.987,2.338,-10.500,-9.240,-11.130,18.544,-74.779,0.012939453125,9.391,0,release,0
1682170888050,-8.533,-2.941,2.596,-8.960,-1.190,0.280,18.249,-73.078,0.00341796875,9.392,0,release,0
1682170888157,-8.821,-2.920,3.140,15.610,9.030,13.090,17.318,-70.406,0.01123046875,9.808,0,release,0
1682170888262,-8.797,-2.716,3.478,21.770,4.130,19.460,16.020,-68.430,0.025634765625,9.842,0,release,0
1682170888366,-8.850,-2.488,3.102,15.540,0.210,14.910,14.862,-70.686,0.040283203125,9.702,0,release,0
1682170888472,-8.708,-2.627,3.109,11.900,-2.240,10.780,15.862,-70.354,0.046630859375,9.612,0,release,0
1682170888578,-8.795,-2.165,3.051,27.230,0.000,8.330,13.093,-70.866,0.068603515625,9.558,0,release,0
1682170888683,-8.828,-2.189,3.169,18.690,-0.070,1.120,13.137,-70.256,0.072021484375,9.632,0,release,0
1682170888790,-8.938,-1.538,3.200,12.950,-0.980,-0.280,9.200,-70.303,0.056884765625,9.617,0,release,0
1682170888895,-8.727,-0.946,3.420,-9.590,-5.110,-6.790,5.763,-68.601,0.04443359375,9.421,0,release,0
1682170889000,-8.514,-4.783,2.388,-347.200,-82.950,-109.550,28.408,-74.334,0.009521484375,10.053,0,release,0
1682170889105,-6.601,-11.738,-2.235,-334.320,22.610,-199.080,59.303,-108.703,-0.0087890625,13.651,1,load,0
1682170889211,-5.286,-8.909,-6.993,-240.170,140.630,-168.630,45.464,-142.917,-0.05078125,12.499,1,load,0
1682170889315,-3.137,-6.905,-8.002,-153.370,194.040,-89.110,38.777,-158.590,-0.0712890625,11.025,1,load,0
1682170889420,-0.287,-4.795,-8.210,-85.750,173.740,-44.730,30.270,-177.995,-0.097900390625,9.512,1,load,0
1682170889535,4.266,-2.682,-6.907,-53.550,173.600,-25.620,18.285,148.303,-0.0966796875,8.550,1,load,0
1682170889648,6.740,-2.936,-3.312,-31.080,126.420,-20.300,21.356,116.173,-0.107666015625,8.063,1,load,0
1682170889755,8.076,-0.771,-5.367,-58.660,136.430,-9.450,4.547,123.608,-0.112548828125,9.727,1,load,0
1682170889862,8.232,-2.184,6.402,1.330,101.570,-22.190,11.830,52.127,-0.126708984375,10.655,1,load,0
1682170889966,8.244,0.304,0.786,17.570,-83.160,5.320,-2.104,84.557,-0.135986328125,8.287,1,load,0
1682170890072,6.931,-2.347,-0.321,98.980,-136.780,78.120,18.689,92.651,-0.14111328125,7.325,1,load,0
1682170890180,5.109,-5.832,-3.439,128.100,-184.380,112.630,43.440,123.950,-0.16162109375,8.482,1,load,0
1682170890285,3.260,-5.506,-7.343,240.660,-146.930,149.240,34.425,156.064,-0.167236328125,9.740,1,load,0
1682170890388,0.098,-8.692,-5.430,237.510,-101.570,180.670,58.003,178.964,-0.14306640625,10.249,1,load,0
1682170890497,-3.454,-9.654,-2.043,174.300,-17.850,191.380,67.431,-120.606,-0.11865234375,10.455,1,load,0
1682170890606,-7.460,-7.405,2.002,81.340,31.360,195.090,43.792,-74.977,-0.103759765625,10.700,1,load,0
1682170890713,-9.594,-7.968,3.121,47.460,24.080,163.800,38.301,-71.982,-0.10693359375,12.856,1,load,0
1682170890820,-8.476,-7.748,4.313,-23.660,11.970,29.120,39.169,-63.028,-0.098388671875,12.267,1,load,0
1682170890925,-8.129,-4.795,3.252,-0.980,-6.860,5.040,28.707,-68.193,-0.096923828125,9.982,0,release,0
1682170891028,-8.222,-4.208,2.345,-8.050,-10.150,-11.550,26.205,-74.083,-0.07666015625,9.529,0,release,0
1682170891131,-8.351,-3.660,2.081,-8.960,-6.020,-10.220,23.035,-76.006,-0.0908203125,9.352,0,release,0
1682170891241,-8.265,-3.741,2.347,-3.150,1.330,-1.750,23.529,-74.147,-0.080322265625,9.371,0,release,0
1682170891346,-8.450,-4.067,2.927,12.460,7.560,6.300,24.455,-70.895,-0.080078125,9.824,0,release,0
1682170891457,-8.464,-4.079,3.023,7.140,2.660,5.180,24.410,-70.348,-0.07421875,9.870,0,release,0
1682170891565,-8.438,-4.088,2.797,-4.200,-4.830,2.730,24.698,-71.658,-0.0732421875,9.784,0,release,0
1682170891670,-8.378,-3.973,2.627,-4.060,-4.340,3.430,24.349,-72.588,-0.056396484375,9.637,0,release,0
1682170891778,-8.373,-3.911,2.675,-0.980,-1.890,3.640,23.986,-72.281,-0.061767578125,9.621,0,release,0
1682170891884,-8.498,-3.758,2.872,3.500,-0.560,5.110,22.731,-71.328,-0.072998046875,9.726,0,release,0
1682170891988,-8.562,-3.552,2.867,5.950,-1.120,6.230,21.473,-71.488,-0.076171875,9.703,0,release,0
1682170892094,-8.596,-3.509,2.963,10.080,0.630,4.410,21.102,-70.983,-0.093994140625,9.746,0,release,0
1682170892200,-8.464,-3.425,2.632,9.800,2.590,8.610,21.126,-72.725,-0.1015625,9.502,0,release,0
1682170892304,-8.550,-3.547,2.747,20.790,11.550,17.780,21.552,-72.188,-0.09326171875,9.656,0,release,0
1682170892411,-8.363,-4.558,3.511,-15.610,-2.660,0.070,26.678,-67.227,-0.0732421875,10.151,0,release,0
1682170892518,-7.719,-6.888,3.250,-183.680,-42.770,-94.430,39.434,-67.167,-0.067138671875,10.844,1,load,0
1682170892622,-7.410,-10.011,-0.405,-225.890,3.500,-184.310,53.451,-93.126,-0.07275390625,12.462,1,load,0
1682170892728,-6.285,-10.861,-5.034,-216.510,106.330,-206.080,53.448,-128.697,-0.130126953125,13.520,1,load,0
1682170892833,-2.733,-7.832,-6.934,-176.330,152.320,-134.540,46.421,-158.489,-0.134765625,10.812,1,load,0
1682170892939,0.683,-5.305,-7.516,-113.750,165.410,-74.830,35.106,174.811,-0.154296875,9.225,1,load,0
1682170893045,3.063,-4.139,-6.708,-79.380,154.490,-55.370,29.301,155.457,-0.191162109375,8.456,1,load,0
1682170893155,6.091,-3.075,-4.464,-55.650,134.050,-33.740,22.158,126.241,-0.18896484375,8.154,1,load,0
1682170893264,7.051,-1.911,-3.396,-46.620,100.800,-20.720,13.724,115.718,-0.18701171875,8.056,1,load,0
1682170893370,9.180,-1.365,-3.734,-19.320,87.430,-20.370,7.843,112.133,-0.203125,10.004,1,load,0
1682170893475,8.713,0.503,3.533,35.210,79.940,-29.680,-3.062,67.930,-0.1767578125,9.415,1,load,0
1682170893581,8.395,-0.671,0.285,-6.160,-109.760,40.110,4.565,88.055,-0.153564453125,8.427,1,load,0
1682170893685,7.226,-2.189,-2.838,72.240,-141.750,75.740,15.747,111.444,-0.17431640625,8.066,1,load,0
1682170893790,5.497,-6.366,-3.573,197.260,-164.570,106.400,44.157,123.028,-0.2021484375,9.138,0,release,0
1682170893896,3.439,-10.770,-6.955,211.960,-164.080,118.510,54.231,153.688,-0.2392578125,13.274,0,release,0
1682170894008,-0.120,-9.482,-4.603,120.470,-106.820,146.650,64.097,-178.510,-0.254638671875,10.541,0,release,0
1682170894117,-2.908,-9.403,-3.090,109.550,-49.840,145.740,65.715,-136.738,-0.23876953125,10.316,0,release,0
1682170894228,-4.510,-10.119,0.192,132.230,-22.120,135.660,65.959,-87.567,-0.239013671875,11.080,0,release,0
1682170894336,-7.554,-8.399,2.738,253.540,65.800,185.850,46.271,-70.080,-0.19091796875,11.623,0,release,0
1682170894442,-10.339,-4.201,3.111,49.350,59.640,128.660,21.259,-73.253,-0.176025390625,11.585,0,release,0
1682170894550,-8.620,-5.870,4.790,-43.960,4.550,0.140,30.765,-60.939,-0.172607421875,11.476,0,release,0
1682170894657,-8.337,-4.498,3.499,-21.630,-15.400,-13.370,26.449,-67.232,-0.1484375,10.099,0,release,0
1682170894760,-8.536,-4.431,2.771,-19.250,-16.590,-34.440,26.276,-72.015,-0.150390625,10.009,0,release,0
1682170894866,-8.239,-3.863,2.414,0.490,-8.890,-34.020,24.227,-73.668,-0.13330078125,9.414,0,release,0
1682170894970,-7.963,-3.600,2.500,7.210,1.750,-11.970,23.329,-72.568,-0.14111328125,9.090,0,release,0
1682170895075,-8.141,-3.770,2.960,5.670,9.380,11.060,23.519,-70.017,-0.146240234375,9.447,0,release,0
1682170895182,-8.430,-3.470,3.396,2.870,5.740,24.290,20.898,-68.058,-0.140625,9.728,0,release,0
1682170895288,-8.658,-3.916,3.219,-3.080,-3.150,33.670,22.974,-69.606,-0.122314453125,10.033,0,release,0
1682170895392,-8.531,-4.110,2.951,-2.800,-5.950,20.230,24.479,-70.921,-0.1328125,9.919,0,release,0
1682170895499,-8.270,-3.839,2.635,13.230,-0.630,8.190,23.861,-72.330,-0.1396484375,9.491,0,release,0
1682170895604,-8.416,-3.185,2.632,39.270,11.970,10.640,19.861,-72.633,-0.1142578125,9.376,0,release,0
1682170895723,-8.469,-1.890,2.776,16.030,14.560,10.220,11.971,-71.852,-0.10595703125,9.111,0,release,0
1682170895829,-8.960,-3.954,3.267,-171.570,-10.360,-35.560,22.520,-69.968,-0.123291015625,10.324,0,release,0
1682170895935,-7.822,-8.562,2.328,-196.840,-31.010,-114.730,46.374,-73.426,-0.12451171875,11.828,1,load,0
1682170896042,-7.130,-9.865,-1.439,-166.250,24.710,-183.960,53.598,-101.414,-0.135498046875,12.257,1,load,0
1682170896150,-5.291,-10.361,-4.800,-169.680,108.570,-192.920,55.416,-132.214,-0.17529296875,12.585,1,load,0
1682170896255,-2.096,-7.896,-6.778,-180.180,135.940,-142.590,48.062,-162.819,-0.1953125,10.615,1,load,0
1682170896360,0.879,-5.767,-6.399,-137.620,155.190,-79.730,41.759,172.179,-0.22119140625,8.659,1,load,0
1682170896465,4.359,-4.052,-5.226,-85.330,148.470,-48.370,30.773,140.169,-0.230224609375,7.920,1,load,0
1682170896575,6.783,-2.625,-4.476,-55.370,103.180,-35.140,17.901,123.423,-0.257568359375,8.540,1,load,0
1682170896683,7.355,-0.901,-4.139,-42.910,86.870,-24.150,6.091,119.366,-0.263427734375,8.488,1,load,0
1682170896790,8.280,-1.449,-4.862,-90.370,86.730,0.140,8.582,120.422,-0.266357421875,9.711,1,load,0
1682170896903,9.590,-2.053,4.002,-42.210,59.710,-11.200,11.174,67.348,-0.270263671875,10.592,1,load,0
1682170897009,9.417,-0.316,-1.641,9.380,-65.380,4.830,1.894,99.882,-0.26904296875,9.564,1,load,0
1682170897117,7.271,-2.675,-0.651,139.020,-95.970,46.690,20.125,95.120,-0.28173828125,7.775,1,load,0
1682170897224,5.140,-5.410,-2.139,214.060,-136.080,100.870,44.183,112.593,-0.311279296875,7.763,1,load,0
1682170897331,3.291,-6.577,-4.831,25.900,-156.660,147.350,48.371,145.737,-0.326416015625,8.799,1,load,0
1682170897436,0.740,-7.475,-5.710,252.700,-101.220,173.600,52.395,172.615,-0.30810546875,9.435,1,load,0
1682170897541,-3.760,-10.952,-0.026,87.010,9.380,213.150,71.051,-90.401,-0.292236328125,11.579,1,load,0
1682170897649,-5.753,-8.862,1.739,152.530,48.720,198.450,55.855,-73.183,-0.2734375,10.708,1,load,0
1682170897755,-8.579,-8.155,3.660,62.930,44.870,163.870,41.165,-66.898,-0.2490234375,12.389,1,load,0
1682170897860,-9.099,-6.711,3.949,30.030,30.240,81.340,34.081,-66.536,-0.2041015625,11.976,0,release,0
1682170897965,-8.744,-5.221,4.297,-26.670,3.570,8.470,28.187,-63.832,-0.17724609375,11.054,0,release,0
1682170898074,-8.481,-4.438,3.372,-21.140,-10.780,-7.280,25.932,-68.316,-0.163818359375,10.149,0,release,0
1682170898182,-8.407,-3.703,2.539,-18.270,-14.910,-14.420,22.863,-73.196,-0.156494140625,9.531,0,release,0
1682170898292,-8.450,-3.684,2.280,-7.000,-6.300,-9.870,22.826,-74.899,-0.177490234375,9.496,0,release,0
1682170898403,-8.320,-3.408,2.436,0.700,2.100,-0.210,21.461,-73.683,-0.18798828125,9.315,0,release,0
1682170898508,-8.390,-3.784,2.793,-0.210,6.650,4.690,23.169,-71.590,-0.20166015625,9.618,0,release,0
1682170898617,-8.466,-3.901,2.979,2.100,1.330,10.080,23.494,-70.613,-0.176513671875,9.786,0,release,0
1682170898724,-8.490,-3.947,2.761,-0.770,-0.140,8.890,23.849,-71.983,-0.166748046875,9.761,0,release,0
1682170898829,-8.510,-3.585,2.876,14.070,0.910,9.730,21.759,-71.324,-0.16748046875,9.672,0,release,0
1682170898937,-8.689,-3.425,2.927,15.820,-0.070,10.150,20.483,-71.385,-0.16748046875,9.788,0,release,0
1682170899046,-8.641,-3.126,2.646,32.830,3.920,8.540,19.077,-72.972,-0.169921875,9.562,0,release,0
1682170899151,-8.560,-2.421,2.553,54.040,14.140,12.810,15.167,-73.392,-0.161376953125,9.255,0,release,0
1682170899257,-8.876,-2.474,2.759,5.950,17.360,8.050,14.905,-72.732,-0.163330078125,9.619,0,release,0
1682170899364,-9.163,-2.642,3.202,65.310,24.990,10.150,15.224,-70.738,-0.1748046875,10.059,0,release,0
1682170899469,-9.300,-1.382,2.338,109.270,22.890,19.530,8.201,-75.891,-0.184326171875,9.688,0,release,0
1682170899574,-8.059,2.165,2.141,-21.070,4.270,-11.690,-14.555,-75.122,-0.1484375,8.615,0,release,0
1682170899679,-8.359,-11.379,0.915,-600.600,-93.660,-137.830,53.537,-83.754,-0.16259765625,14.149,0,release,0
1682170899784,-7.918,-12.847,-2.445,-246.540,62.440,-197.190,57.176,-107.162,-0.181640625,15.288,1,load,0
1682170899889,-6.431,-9.096,-6.148,-184.590,127.400,-180.180,45.636,-133.713,-0.21435546875,12.724,1,load,0
1682170899995,-2.539,-7.293,-8.490,-131.600,158.760,-121.520,39.453,-163.353,-0.223876953125,11.477,1,load,0
1682170900100,0.323,-3.494,-8.972,-129.640,157.080,-81.760,21.267,177.936,-0.249755859375,9.634,1,load,0
1682170900204,3.039,-2.814,-6.807,-91.630,154.420,-36.960,20.682,155.938,-0.31201171875,7.968,1,load,0
1682170900308,5.703,-2.421,-5.166,-60.620,143.220,-15.260,17.468,132.174,-0.293701171875,8.067,1,load,0
1682170900414,7.384,-1.382,-3.379,-49.700,123.200,-13.090,9.658,114.592,-0.333251953125,8.237,1,load,0
1682170900520,7.853,-0.656,-2.843,-60.270,111.090,6.230,4.493,109.900,-0.334228515625,8.378,1,load,0
1682170900628,9.688,-2.074,3.712,-27.300,35.350,-15.260,11.305,69.034,-0.32080078125,10.580,1,load,0
1682170900735,9.604,0.738,-0.139,33.040,-40.110,-21.420,-4.392,90.829,-0.301025390625,9.633,1,load,0
1682170900840,7.887,-2.227,1.049,158.690,-97.370,43.330,15.640,82.424,-0.30126953125,8.262,1,load,0
1682170900945,6.974,-2.244,-1.878,137.130,-139.580,123.200,17.260,105.068,-0.316162109375,7.563,1,load,0
1682170901050,4.210,-3.614,-6.749,272.020,-146.370,153.160,24.434,148.042,-0.33447265625,8.737,1,load,0
1682170901153,1.516,-14.234,1.437,92.820,-85.820,165.830,81.651,46.533,-0.35498046875,14.386,1,load,0
1682170901260,-1.856,-11.259,-2.278,64.400,-19.880,187.110,75.374,-140.822,-0.340576171875,11.636,1,load,0
1682170901368,-3.281,-8.972,-1.368,135.520,-11.620,162.190,68.386,-112.626,-0.31494140625,9.651,1,load,0
1682170901476,-4.397,-8.143,1.629,158.340,-2.030,126.000,60.065,-69.677,-0.283935546875,9.397,0,release,0
1682170901582,-7.266,-7.616,3.355,67.270,17.920,114.590,43.578,-65.214,-0.245361328125,11.048,0,release,0
1682170901687,-8.814,-5.540,3.305,52.080,19.460,100.800,30.477,-69.444,-0.236083984375,10.923,0,release,0
1682170901792,-8.905,-4.004,3.324,16.030,10.150,54.320,22.846,-69.528,-0.195556640625,10.314,0,release,0
1682170901897,-8.715,-3.018,3.233,46.620,14.210,44.800,17.985,-69.646,-0.19677734375,9.773,0,release,0
1682170902002,-9.039,-2.012,2.955,13.650,15.190,21.490,11.945,-71.894,-0.187744140625,9.720,0,release,0
1682170902107,-8.866,-2.373,3.317,-113.540,-13.300,-17.150,14.075,-69.488,-0.189453125,9.759,0,release,0
1682170902212,-7.973,-6.388,3.684,-186.970,-43.260,-81.830,36.027,-65.203,-0.194091796875,10.860,0,release,0
1682170902323,-7.930,-9.362,0.838,-202.790,-23.870,-154.210,49.578,-83.966,-0.219482421875,12.298,0,release,0
1682170902428,-8.694,-11.460,-4.325,-210.490,103.880,-229.180,49.725,-116.451,-0.23486328125,15.021,1,load,0
1682170902533,-3.751,-10.675,-6.098,-237.370,147.770,-176.120,56.152,-148.405,-0.25634765625,12.853,1,load,0
1682170902642,0.223,-5.918,-6.670,-156.660,164.430,-83.440,41.565,178.087,-0.2705078125,8.920,1,load,0
1682170902753,3.722,-3.935,-6.076,-81.410,145.670,-48.160,28.910,148.511,-0.2880859375,8.140,1,load,0
1682170902858,6.170,-2.074,-5.269,-44.310,111.930,-28.280,14.340,130.499,-0.314208984375,8.375,1,load,0
1682170902962,7.542,-1.083,-3.619,-15.680,82.880,-17.850,7.374,115.633,-0.306396484375,8.435,1,load,0
1682170903069,8.421,-0.800,-3.248,-25.410,73.500,-8.190,5.065,111.090,-0.298583984375,9.061,1,load,0
1682170903178,9.008,-1.047,-5.600,-105.280,56.700,-5.670,5.636,121.867,-0.2978515625,10.658,1,load,0
1682170903283,9.221,-1.770,4.093,-5.740,79.100,-16.100,9.951,66.064,-0.31787109375,10.243,1,load,0
1682170903396,9.027,-1.121,0.618,63.490,-93.030,-8.190,7.062,86.084,-0.318359375,9.117,1,load,0
1682170903504,6.998,-1.952,-2.565,214.340,-126.770,76.090,14.675,110.129,-0.328369140625,7.705,1,load,0
1682170903609,6.103,-5.360,-3.121,225.680,-122.290,120.050,38.026,117.084,-0.34521484375,8.702,1,load,0
1682170903717,3.375,-9.997,-2.196,162.120,-111.160,130.270,68.062,123.057,-0.3505859375,10.777,1,load,0
1682170903827,0.462,-10.936,-1.147,213.780,-17.010,186.830,83.547,158.054,-0.352783203125,11.006,1,load,0
1682170903935,-2.975,-11.314,1.480,110.180,36.330,175.000,73.634,-63.546,-0.313720703125,11.792,1,load,0
1682170904043,-5.082,-10.373,3.205,85.820,41.230,131.670,59.920,-57.767,-0.2724609375,11.987,1,load,0
1682170904149,-6.170,-8.462,4.139,58.240,46.200,111.160,48.718,-56.146,-0.278564453125,11.261,0,release,0
1682170904254,-8.248,-6.031,3.272,62.720,46.830,104.930,34.201,-68.365,-0.25244140625,10.729,0,release,0
1682170904359,-9.123,-4.397,3.030,28.910,26.670,71.050,24.582,-71.628,-0.23291015625,10.571,0,release,0
1682170904466,-8.874,-3.336,3.214,44.590,18.130,50.400,19.469,-70.089,-0.2216796875,10.010,0,release,0
1682170904580,-9.082,-1.621,3.121,34.790,8.400,37.450,9.584,-71.036,-0.20947265625,9.739,0,release,0
1682170904687,-9.391,-1.624,2.776,-11.130,0.140,14.070,9.415,-73.533,-0.21142578125,9.926,0,release,0
1682170904792,-9.180,-1.396,2.572,-12.600,-3.430,5.670,8.332,-74.347,-0.219970703125,9.635,0,release,0
1682170904900,-9.216,-1.401,2.156,14.000,-0.630,-1.540,8.420,-76.836,-0.217529296875,9.568,0,release,0
1682170905010,-8.675,-0.582,2.033,23.520,0.350,-0.700,3.737,-76.808,-0.220458984375,8.929,0,release,0
1682170905117,-9.951,-1.744,3.358,-130.830,-10.430,-33.460,9.426,-71.354,-0.21337890625,10.646,1,load,0
1682170905225,-8.428,-11.259,1.672,-340.340,-55.090,-224.630,52.651,-78.781,-0.227783203125,14.163,1,load,0
1682170905331,-7.841,-12.627,-2.687,-196.280,78.190,-274.470,56.716,-108.917,-0.24267578125,15.104,1,load,0
1682170905438,-4.764,-10.076,-4.982,-139.580,137.480,-224.140,55.625,-136.281,-0.25732421875,12.208,1,load,0
1682170905543,-0.170,-7.104,-6.893,-150.920,150.710,-139.230,45.854,-178.587,-0.265625,9.900,1,load,0
1682170905652,3.252,-4.613,-5.279,-152.740,143.920,-72.520,36.649,148.361,-0.303466796875,7.728,1,load,0
1682170905762,5.997,-3.161,-3.092,-40.110,113.890,-34.580,25.105,117.275,-0.33154296875,7.451,1,load,0
1682170905867,7.734,-0.405,-4.668,-34.440,67.200,-19.250,2.566,121.115,-0.349365234375,9.043,1,load,0
1682170905976,9.544,-2.517,-1.293,-78.260,104.510,5.600,14.647,97.717,-0.354248046875,9.955,1,load,0
1682170906084,8.656,-1.564,4.881,31.710,1.680,-13.160,8.944,60.581,-0.358642578125,10.060,1,load,0
1682170906194,7.734,-2.582,-2.742,251.860,-116.270,42.910,17.466,109.524,-0.35986328125,8.602,1,load,0
1682170906304,6.023,-6.531,-2.486,216.230,-121.310,118.370,45.065,112.427,-0.3544921875,9.226,1,load,0
1682170906411,3.470,-6.989,-3.142,233.660,-84.980,181.580,56.182,132.159,-0.36669921875,8.412,1,load,0
1682170906516,1.336,-10.473,-2.021,170.520,-41.510,202.860,76.973,146.530,-0.334228515625,10.750,1,load,0
1682170906620,-3.830,-11.750,2.366,31.360,49.560,208.880,69.037,-58.289,-0.30615234375,12.583,1,load,0
1682170906723,-6.103,-9.372,4.024,70.210,56.770,188.160,52.047,-56.602,-0.271484375,11.886,1,load,0
1682170906826,-8.605,-7.511,4.086,-67.550,21.350,147.490,38.254,-64.601,-0.255126953125,12.131,1,load,0
1682170906934,-9.137,-6.684,4.201,89.740,41.650,128.030,33.612,-65.309,-0.218017578125,12.075,1,load,0
1682170907037,-8.452,-5.111,4.392,1.960,3.710,27.160,28.217,-62.539,-0.191162109375,10.810,1,load,0
1682170907141,-8.694,-3.324,3.779,-2.100,-8.330,6.020,19.324,-66.505,-0.184326171875,10.046,0,release,0
1682170907246,-8.689,-2.749,3.355,-2.240,-10.150,-1.260,16.446,-68.885,-0.18408203125,9.711,0,release,0
1682170907349,-8.615,-2.335,3.185,7.980,-7.070,-3.080,14.264,-69.708,-0.173583984375,9.477,0,release,0
1682170907456,-8.778,-2.074,3.166,15.680,-0.210,2.520,12.531,-70.165,-0.175048828125,9.559,0,release,0
1682170907560,-8.612,-1.820,3.549,30.100,5.740,7.210,11.056,-67.602,-0.168701171875,9.491,0,release,0
1682170907665,-8.660,-1.550,3.255,62.790,13.720,7.770,9.508,-69.402,-0.17919921875,9.380,0,release,0
1682170907772,-8.821,-1.020,3.166,67.760,20.160,18.760,6.213,-70.255,-0.15966796875,9.427,0,release,0
1682170907881,-8.665,-0.558,3.801,63.070,14.770,14.840,3.375,-66.316,-0.148193359375,9.478,0,release,0
1682170907986,-9.072,-3.281,3.444,-402.710,-15.050,-96.250,18.682,-69.212,-0.149169921875,10.243,0,release,0
1682170908091,-7.307,-13.319,0.220,-428.260,-3.080,-268.030,61.238,-88.273,-0.19677734375,15.193,1,load,0
1682170908197,-6.467,-11.307,-3.310,-152.250,128.030,-226.800,57.280,-117.106,-0.2197265625,13.440,1,load,0
1682170908305,-2.663,-8.222,-6.007,-135.170,131.880,-155.540,51.370,-156.088,-0.250732421875,10.525,1,load,0
1682170908413,0.917,-5.652,-6.524,-142.380,137.410,-108.920,40.627,171.997,-0.282470703125,8.680,1,load,0
1682170908518,3.499,-3.497,-5.525,-105.420,136.570,-73.220,28.132,147.654,-0.286376953125,7.416,1,load,0
1682170908623,6.522,-2.651,-4.536,-69.440,113.260,-47.880,18.456,124.821,-0.306640625,8.375,1,load,0
1682170908730,7.571,-0.663,-3.782,-65.030,84.630,-27.650,4.482,116.543,-0.329345703125,8.489,1,load,0
1682170908838,8.742,-0.558,-2.153,-65.310,86.380,4.830,3.547,103.837,-0.31884765625,9.020,1,load,0
1682170908943,9.080,-1.914,3.176,-78.120,22.470,-23.940,11.252,70.721,-0.29443359375,9.808,1,load,0
1682170909047,10.437,-0.436,-0.457,12.530,-57.540,10.990,2.389,92.510,-0.283935546875,10.456,1,load,0
1682170909153,7.741,-1.047,-1.375,152.110,-88.060,73.710,7.583,100.071,-0.287109375,7.932,1,load,0
1682170909258,7.302,-6.208,-3.755,277.900,-80.080,154.280,37.089,117.215,-0.30859375,10.294,1,load,0
1682170909362,3.719,-6.476,-1.468,142.590,-47.600,182.560,58.306,111.540,-0.3193359375,7.611,1,load,0
1682170909470,0.896,-11.343,1.784,60.130,-10.150,184.170,80.017,26.657,-0.2998046875,11.517,1,load,0
1682170909576,-1.885,-7.257,1.811,34.720,66.710,197.190,70.193,-46.151,-0.30322265625,7.713,1,load,0
1682170909681,-5.552,-8.596,3.080,60.760,45.360,188.510,53.550,-60.979,-0.269287109375,10.687,1,load,0
1682170909787,-9.151,-7.080,4.036,75.180,51.520,196.420,35.293,-66.203,-0.251953125,12.254,1,load,0
1682170909892,-8.969,-6.189,4.112,63.910,32.410,82.740,32.096,-65.370,-0.24072265625,11.647,1,load,0
1682170909996,-8.737,-4.383,5.022,-9.100,7.280,24.780,23.505,-60.108,-0.2021484375,10.989,1,load,0
1682170910101,-8.694,-4.790,4.443,-16.660,-1.610,6.370,26.133,-62.932,-0.19482421875,10.875,1,load,0
1682170910211,-8.749,-2.747,3.195,-13.440,-8.050,-6.930,16.433,-69.939,-0.1982421875,9.711,0,release,0
1682170910316,-8.560,-2.735,2.831,-1.260,-9.030,-7.350,16.876,-71.700,-0.187744140625,9.422,0,release,0
1682170910422,-8.689,-2.067,3.408,0.070,0.070,-0.700,12.486,-68.584,-0.201904296875,9.560,0,release,0
1682170910530,-8.756,-2.045,3.559,20.790,6.020,8.820,12.210,-67.880,-0.21240234375,9.670,0,release,0
1682170910634,-8.723,-2.009,2.948,46.550,13.300,16.030,12.311,-71.325,-0.219970703125,9.424,0,release,0
1682170910742,-9.137,-1.437,2.852,35.560,27.860,19.460,8.538,-72.662,-0.22314453125,9.679,0,release,0
1682170910849,-9.063,-1.643,2.932,36.400,19.950,26.880,9.787,-72.075,-0.23193359375,9.666,0,release,0
1682170910953,-8.507,-0.302,3.276,67.830,0.490,24.990,1.896,-68.937,-0.2119140625,9.121,0,release,0
1682170911056,-10.126,-3.705,4.871,-173.880,-36.610,-57.890,18.249,-64.309,-0.187744140625,11.832,1,load,0
1682170911160,-8.256,-10.076,2.869,-335.510,-67.620,-198.870,49.061,-70.835,-0.1865234375,13.339,1,load,0
1682170911262,-8.747,-11.350,-2.340,-240.380,84.490,-265.230,51.420,-104.977,-0.20458984375,14.519,1,load,0
1682170911365,-5.580,-8.335,-6.419,-178.010,157.360,-208.530,44.420,-138.996,-0.215087890625,11.908,1,load,0
1682170911469,-0.560,-6.050,-7.422,-188.440,170.590,-122.640,39.104,-175.682,-0.219482421875,9.592,1,load,0
1682170911572,3.008,-3.722,-5.815,-117.670,169.820,-60.480,29.617,152.648,-0.232666015625,7.531,1,load,0
1682170911675,5.535,-1.593,-5.212,-99.540,139.580,-26.390,11.832,133.277,-0.2626953125,7.768,1,load,0
1682170911779,7.159,-2.826,-2.347,-50.050,128.800,-3.780,20.563,108.153,-0.2734375,8.046,1,load,0
1682170911883,8.835,-2.278,0.460,-57.960,101.780,7.980,14.437,87.021,-0.272216796875,9.136,1,load,0
1682170911985,9.393,-2.474,3.322,-25.830,11.970,-26.460,13.945,70.524,-0.259765625,10.266,1,load,0
1682170912090,9.424,-2.081,2.512,74.270,-58.030,24.850,12.045,75.073,-0.270263671875,9.973,1,load,0
1682170912192,6.455,-2.304,0.390,86.240,-117.530,92.330,19.611,86.539,-0.26708984375,6.865,1,load,0
1682170912295,4.467,-4.249,-3.322,231.140,-135.380,141.190,37.353,126.638,-0.25732421875,7.003,1,load,0
1682170912397,2.876,-10.471,-2.424,199.570,-110.180,164.220,70.241,130.119,-0.249267578125,11.126,1,load,0
1682170912500,0.788,-9.824,-0.043,113.680,-34.090,193.060,85.408,93.132,-0.2490234375,9.856,1,load,0
1682170912606,-2.678,-11.436,2.999,186.340,44.310,186.620,70.632,-41.764,-0.216552734375,12.122,1,load,0
1682170912714,-6.958,-7.056,4.747,21.490,83.580,168.210,39.953,-55.695,-0.179931640625,10.988,1,load,0
1682170912817,-8.371,-6.435,4.642,-3.850,32.970,133.140,33.915,-60.991,-0.167724609375,11.534,1,load,0
1682170912923,-8.656,-4.383,4.371,31.430,45.920,86.870,24.323,-63.207,-0.131103515625,10.642,1,load,0
1682170913028,-8.967,-3.707,4.682,-10.500,21.980,26.530,20.128,-62.428,-0.0888671875,10.774,1,load,0
1682170913131,-8.739,-2.742,3.899,-20.300,-1.820,6.440,15.990,-65.956,-0.0625,9.954,0,release,0
1682170913237,-8.620,-2.800,3.885,-3.920,-3.500,1.470,16.495,-65.740,-0.063232421875,9.861,0,release,0
1682170913342,-8.759,-2.024,3.272,-43.190,-11.060,-11.830,12.214,-69.518,-0.056640625,9.567,0,release,0
1682170913446,-8.744,-3.037,3.511,0.350,-6.510,-3.220,17.864,-68.123,-0.0693359375,9.900,0,release,0
1682170913554,-8.715,-2.098,3.571,30.380,-1.750,12.180,12.558,-67.720,-0.0908203125,9.649,0,release,0
1682170913660,-8.711,-2.486,3.181,74.900,12.670,20.370,15.007,-69.941,-0.08154296875,9.601,0,release,0
1682170913765,-8.912,-1.317,2.908,66.360,28.700,24.010,7.999,-71.931,-0.084228515625,9.467,0,release,0
1682170913869,-8.644,-1.621,2.910,30.940,23.660,14.560,10.081,-71.394,-0.07275390625,9.264,0,release,0
1682170913980,-9.312,-2.306,4.155,6.930,3.570,16.310,12.745,-65.951,-0.04736328125,10.454,0,release,0
1682170914088,-9.149,-2.761,5.578,-138.110,-46.690,-77.140,14.451,-58.630,-0.021240234375,11.065,1,load,0
1682170914195,-8.965,-9.858,2.776,-309.890,-79.240,-241.850,46.409,-72.795,-0.025634765625,13.611,1,load,0
1682170914307,-7.707,-10.296,-2.275,-212.940,57.820,-264.180,52.029,-106.447,-0.058837890625,13.061,1,load,0
1682170914416,-3.209,-9.027,-5.746,-181.930,117.950,-195.090,53.905,-150.814,-0.146484375,11.171,1,load,0
1682170914521,1.253,-6.541,-6.720,-191.520,146.650,-126.560,43.735,169.442,-0.17236328125,9.461,1,load,0
1682170914626,3.973,-4.012,-4.910,-111.440,159.180,-79.100,32.421,141.018,-0.181884765625,7.483,1,load,0
1682170914735,6.505,-1.818,-2.615,-74.340,123.550,-39.130,14.536,111.903,-0.19287109375,7.243,1,load,0
1682170914840,8.050,-0.960,-2.596,-65.240,81.830,-21.140,6.478,107.876,-0.210205078125,8.513,1,load,0
1682170914946,9.456,-1.471,-1.681,-79.380,93.940,-25.830,8.706,100.082,-0.220458984375,9.716,1,load,0
1682170915057,9.408,-0.905,4.589,-12.320,26.740,-34.090,4.943,63.998,-0.226318359375,10.507,1,load,0
1682170915163,9.563,-1.317,1.473,106.680,-76.790,23.380,7.752,81.244,-0.20849609375,9.765,1,load,0
1682170915271,7.108,-2.397,-1.406,211.820,-114.660,102.970,18.307,101.187,-0.19384765625,7.632,1,load,0
1682170915376,5.274,-3.650,-5.319,218.190,-115.570,167.720,25.979,135.246,-0.224365234375,8.332,1,load,0
1682170915480,3.430,-9.010,-3.145,244.860,-78.330,165.200,62.687,132.518,-0.237548828125,10.141,1,load,0
1682170915586,0.704,-11.043,0.824,251.160,11.410,189.070,84.395,40.519,-0.21142578125,11.096,1,load,0
1682170915699,-2.290,-9.470,4.371,145.880,41.300,180.880,62.478,-27.647,-0.188720703125,10.679,1,load,0
1682170915806,-5.602,-7.537,5.853,29.120,81.270,148.260,42.931,-43.742,-0.16650390625,11.066,1,load,0
1682170915911,-7.791,-6.524,4.857,1.260,63.770,141.750,35.398,-58.060,-0.13623046875,11.263,1,load,0
1682170916021,-9.132,-5.362,5.212,44.240,55.720,90.020,27.022,-60.287,-0.075439453125,11.803,1,load,0
1682170916128,-8.759,-3.952,4.907,-5.950,21.490,27.580,21.485,-60.738,-0.0537109375,10.790,1,load,0
1682170916238,-8.560,-3.669,4.857,-18.060,5.390,3.920,20.446,-60.428,-0.0537109375,10.504,0,release,0
1682170916346,-8.677,-2.646,4.191,3.150,-10.080,-10.920,15.357,-64.218,-0.078857421875,9.993,0,release,0
1682170916452,-8.658,-2.127,3.569,3.710,-15.750,-8.820,12.795,-67.600,-0.08837890625,9.603,0,release,0
1682170916556,-8.505,-1.645,3.482,12.320,-10.010,4.340,10.151,-67.733,-0.095947265625,9.336,0,release,0
1682170916662,-8.313,-1.880,3.509,23.030,-1.540,17.640,11.770,-67.117,-0.106689453125,9.217,0,release,0
1682170916768,-8.682,-1.923,3.657,26.740,16.450,28.700,11.538,-67.157,-0.109375,9.615,0,release,0
1682170916873,-8.663,-2.213,4.428,-6.160,19.250,17.080,12.815,-62.924,-0.11669921875,9.978,0,release,0
1682170916978,-8.560,-2.778,4.395,-56.630,-8.400,-35.070,16.105,-62.823,-0.123046875,10.015,1,load,0
1682170917084,-7.796,-5.238,3.537,-214.620,-35.490,-134.610,31.460,-65.593,-0.1259765625,10.036,1,load,0
1682170917188,-6.970,-9.080,0.151,-283.430,-24.640,-236.740,52.483,-88.760,-0.133544921875,11.448,1,load,0
1682170917294,-4.986,-10.335,-4.158,-268.870,86.380,-231.280,57.862,-129.822,-0.135009765625,12.205,1,load,0
1682170917405,-1.310,-8.842,-6.601,-212.030,144.830,-144.340,52.727,-168.774,-0.1689453125,11.112,1,load,0
1682170917516,2.654,-5.353,-6.203,-122.290,149.100,-64.330,38.428,156.839,-0.2412109375,8.613,1,load,0
1682170917622,5.384,-2.840,-5.207,-59.710,133.630,-33.950,20.769,134.041,-0.2763671875,8.010,1,load,0
1682170917727,7.089,-1.545,-3.882,-54.390,98.490,-18.060,10.820,118.707,-0.282470703125,8.229,1,load,0
1682170917843,8.486,-0.702,-5.221,-66.500,76.300,-11.340,4.029,121.604,-0.280517578125,9.988,1,load,0
1682170917955,9.149,-2.393,1.969,6.860,101.570,-1.750,14.341,77.856,-0.279541015625,9.660,1,load,0
1682170918063,8.651,0.393,-1.456,19.250,-65.170,-11.830,-2.564,99.555,-0.265625,8.781,1,load,0
1682170918175,8.735,1.140,-2.663,136.150,-66.430,16.030,-7.116,106.957,-0.300048828125,9.203,1,load,0
1682170918281,7.547,-2.678,-3.413,210.140,-102.690,70.630,17.915,114.334,-0.299560546875,8.705,1,load,0
1682170918388,4.833,-5.173,-5.619,234.220,-116.620,96.810,34.915,139.298,-0.318603515625,9.038,1,load,0
1682170918497,2.321,-6.828,-3.276,209.370,-94.290,145.320,59.544,144.689,-0.356689453125,7.921,1,load,0
1682170918603,-0.453,-11.975,0.872,71.680,-27.440,176.960,85.311,-27.440,-0.3515625,12.015,1,load,0
1682170918714,-2.644,-11.786,2.096,99.820,12.600,166.880,74.026,-51.601,-0.332275390625,12.259,1,load,0
1682170918823,-5.904,-8.531,2.620,10.290,39.200,154.070,52.870,-66.068,-0.31201171875,10.700,1,load,0
1682170918927,-8.689,-7.789,3.365,97.370,62.090,176.330,39.891,-68.830,-0.290283203125,12.145,1,load,0
1682170919033,-8.902,-5.006,2.874,-30.730,37.380,71.400,28.151,-72.108,-0.26171875,10.610,1,load,0
1682170919137,-8.598,-5.501,4.665,9.520,11.830,17.710,29.352,-61.515,-0.233154296875,11.223,1,load,0
1682170919250,-8.677,-4.656,3.559,19.600,-3.500,12.460,26.401,-67.699,-0.226806640625,10.471,1,load,0
1682170919359,-8.646,-3.257,3.020,-2.030,-11.200,-7.000,19.578,-70.745,-0.228759765625,9.720,0,release,0
1682170919464,-8.692,-2.824,2.496,-5.600,-6.160,-9.100,17.342,-73.980,-0.222412109375,9.474,0,release,0
1682170919573,-8.560,-2.699,3.030,12.040,2.310,2.660,16.555,-70.509,-0.207275390625,9.473,0,release,0
1682170919680,-8.730,-2.172,3.688,35.910,4.970,19.460,12.910,-67.096,-0.191650390625,9.723,0,release,0
1682170919785,-8.869,-2.536,3.691,26.740,-1.260,23.520,14.791,-67.405,-0.185546875,9.935,0,release,0
1682170919890,-8.510,-1.861,3.528,67.060,-1.400,27.440,11.421,-67.482,-0.169921875,9.398,0,release,0
1682170919996,-8.780,-1.051,3.248,83.300,3.360,30.590,6.408,-69.701,-0.17578125,9.420,0,release,0
1682170920101,-8.751,-0.742,3.669,16.800,13.580,13.580,4.474,-67.253,-0.173095703125,9.518,0,release,0
1682170920206,-9.051,-4.304,4.206,-262.360,-20.090,-79.380,23.328,-65.077,-0.168212890625,10.869,1,load,0
1682170920309,-7.925,-10.174,2.129,-255.360,-34.580,-208.530,51.111,-74.962,-0.1845703125,13.071,1,load,0
1682170920412,-7.209,-11.659,-1.245,-186.200,66.570,-240.030,57.892,-99.802,-0.236572265625,13.764,1,load,0
1682170920521,-4.014,-10.560,-4.967,-170.660,127.050,-197.400,58.835,-141.058,-0.277099609375,12.341,1,load,0
1682170920626,-0.091,-7.616,-6.119,-170.730,148.960,-120.190,51.216,-179.148,-0.3125,9.770,1,load,0
1682170920731,2.955,-5.607,-5.006,-123.690,143.640,-66.570,43.965,149.441,-0.332275390625,8.077,1,load,0
1682170920837,5.657,-2.872,-4.033,-81.760,119.070,-40.390,22.457,125.487,-0.3525390625,7.518,1,load,0
1682170920943,7.298,-1.435,-4.534,-43.890,79.030,-24.500,9.480,121.851,-0.356201171875,8.711,1,load,0
1682170921049,8.737,-1.995,-3.348,-71.960,93.170,-13.790,12.037,110.968,-0.369873046875,9.567,1,load,0
1682170921154,9.441,-2.881,3.700,33.670,34.160,-9.660,15.862,68.598,-0.369140625,10.541,1,load,0
1682170921259,9.211,-1.219,-1.035,46.550,-84.630,6.650,7.492,96.409,-0.3583984375,9.349,1,load,0
1682170921364,7.063,-4.031,-2.263,225.750,-104.230,59.290,28.523,107.768,-0.355712890625,8.441,1,load,0
1682170921469,6.359,-4.349,-5.331,192.570,-100.660,138.250,27.661,129.977,-0.366455078125,9.369,1,load,0
1682170921575,2.900,-11.158,-3.238,220.010,-91.700,133.210,68.715,138.149,-0.381103515625,11.975,1,load,0
1682170921685,-1.193,-15.455,-1.279,41.230,-28.980,153.580,83.544,-136.998,-0.360107421875,15.554,1,load,0
1682170921798,-3.015,-10.114,0.486,144.620,24.430,186.690,73.197,-80.841,-0.362060546875,10.565,1,load,0
1682170921903,-5.657,-8.615,2.781,128.520,43.820,191.590,53.807,-63.824,-0.361328125,10.675,1,load,0
1682170922009,-9.642,-6.443,4.057,64.750,78.400,167.930,31.627,-67.180,-0.337158203125,12.286,1,load,0
1682170922117,-9.731,-5.691,4.294,17.220,37.170,86.660,28.147,-66.188,-0.31787109375,12.063,1,load,0
1682170922222,-8.826,-4.519,4.699,-9.240,9.520,27.230,24.323,-61.968,-0.28662109375,10.973,1,load,0
1682170922328,-9.053,-3.535,4.254,0.840,-4.830,9.450,19.464,-64.834,-0.2626953125,10.609,0,release,0
1682170922433,-9.003,-2.563,3.166,3.640,-16.170,-9.170,15.031,-70.624,-0.244384765625,9.882,0,release,0
1682170922544,-9.123,-1.564,2.833,26.600,-15.820,1.470,9.298,-72.746,-0.244384765625,9.680,0,release,0
1682170922651,-8.888,-1.214,2.441,-16.660,-5.880,0.490,7.505,-74.646,-0.25927734375,9.297,0,release,0
1682170922759,-8.780,-3.279,2.673,-111.860,0.070,-20.090,19.659,-73.069,-0.263916015625,9.746,0,release,0
1682170922865,-8.253,-3.643,2.718,-6.790,-2.100,-20.440,22.745,-71.770,-0.27587890625,9.422,0,release,0
1682170922969,-8.330,-3.751,3.166,-20.090,3.990,-5.880,22.825,-69.188,-0.295166015625,9.669,0,release,0
1682170923074,-8.675,-3.717,3.149,-8.750,1.820,-1.680,21.938,-70.046,-0.285888671875,9.949,0,release,0
1682170923181,-8.577,-2.721,2.946,28.280,-0.770,8.960,16.701,-71.043,-0.294921875,9.468,0,release,0
1682170923284,-8.795,-2.922,2.888,7.910,-3.640,9.380,17.519,-71.818,-0.335205078125,9.707,0,release,0
1682170923391,-8.608,-3.506,2.611,-36.260,-7.910,5.110,21.296,-73.128,-0.332763671875,9.654,0,release,0
1682170923498,-8.577,-3.552,2.560,-4.690,-0.560,9.100,21.644,-73.379,-0.345703125,9.630,0,release,0
1682170923603,-8.555,-3.743,2.852,-6.650,1.330,5.740,22.544,-71.560,-0.322265625,9.764,0,release,0
1682170923708,-8.751,-3.619,4.388,5.880,1.750,2.520,20.287,-63.372,-0.32470703125,10.437,0,release,0
1682170923815,-10.948,-1.353,10.157,97.160,-39.690,23.240,5.178,-47.145,-0.287109375,14.995,0,release,0
1682170923924,-13.027,-3.015,9.808,-14.140,-134.470,5.670,10.477,-53.024,-0.2724609375,16.583,0,release,0
1682170924033,-11.661,-5.394,7.889,41.440,-196.070,-49.350,20.961,-55.921,-0.257568359375,15.077,0,release,0
1682170924138,-7.307,-3.118,5.073,91.210,-203.630,-88.340,19.318,-55.232,-0.246826171875,9.426,0,release,0
1682170924243,-2.321,-2.400,7.310,48.160,-176.750,-87.780,17.376,-17.614,-0.24609375,8.036,0,release,0
1682170924348,0.412,-0.091,6.237,143.570,-209.230,-66.010,0.834,3.779,-0.263916015625,6.251,0,release,0
1682170924457,6.184,3.662,-1.698,-11.410,-153.300,-26.180,-29.728,105.355,-0.296630859375,7.385,0,release,0
1682170924565,6.294,4.409,-2.285,9.100,30.100,24.710,-33.364,109.952,-0.33544921875,8.017,0,release,0
1682170924674,4.936,1.123,2.941,-22.120,118.720,66.500,-11.061,59.212,-0.3427734375,5.854,0,release,0
1682170924782,1.861,-1.523,7.106,-94.500,140.070,50.890,11.715,14.675,-0.33203125,7.502,0,release,0
1682170924888,-0.769,-4.469,8.754,-92.260,194.670,43.120,26.957,-5.019,-0.333251953125,9.859,0,release,0
1682170924997,-6.696,-4.112,9.151,-65.940,261.870,16.170,19.933,-36.195,-0.332763671875,12.062,0,release,0
1682170925101,-10.533,-3.890,7.358,-66.360,223.020,-14.910,16.842,-55.066,-0.328125,13.424,0,release,0
1682170925207,-12.445,-3.094,7.154,-27.370,154.070,-14.630,12.165,-60.107,-0.334228515625,14.684,0,release,0
1682170925315,-11.000,-2.999,7.683,6.020,85.680,0.910,12.597,-55.067,-0.3330078125,13.749,0,release,0
1682170925420,-8.785,-3.691,6.419,54.040,46.410,14.980,18.738,-53.847,-0.3388671875,11.489,0,release,0
1682170925525,-9.695,-4.833,6.907,80.570,11.690,20.510,22.098,-54.532,-0.35888671875,12.847,0,release,0
1682170925630,-11.954,-5.327,8.689,32.690,-87.850,-28.420,19.821,-53.986,-0.344970703125,15.709,0,release,0
1682170925741,-12.509,-6.457,7.851,102.410,-157.360,-80.500,23.615,-57.887,-0.313232421875,16.119,0,release,0
1682170925848,-8.711,-4.967,8.816,136.430,-184.590,-105.000,21.841,-44.656,-0.317138671875,13.352,0,release,0
1682170925954,-5.068,-1.554,8.569,133.140,-186.620,-25.410,8.874,-30.600,-0.306640625,10.076,0,release,0
1682170926060,-2.807,-0.730,6.646,66.360,-182.280,4.830,5.782,-22.896,-0.313720703125,7.251,0,release,0
1682170926165,0.163,1.015,3.243,45.290,-170.170,-14.070,-17.367,2.875,-0.3369140625,3.402,0,release,0
1682170926272,5.262,3.329,0.438,11.830,-119.280,-48.580,-32.231,85.239,-0.35888671875,6.242,0,release,0
1682170926380,6.055,4.009,0.268,-10.850,31.290,-7.210,-33.486,87.463,-0.385009765625,7.267,0,release,0
1682170926486,4.299,2.900,4.668,8.400,133.070,10.780,-24.562,42.645,-0.3759765625,6.977,0,release,0
1682170926589,1.154,1.538,7.741,-51.100,96.460,6.090,-11.115,8.482,-0.39453125,7.976,0,release,0
1682170926696,-0.168,0.357,9.226,-87.430,88.480,5.390,-2.215,-1.041,-0.39892578125,9.234,0,release,0
1682170926801,-0.242,-2.476,8.790,-179.550,88.900,58.030,15.729,-1.576,-0.398681640625,9.135,0,release,0
1682170926905,-2.776,-5.408,8.476,-142.240,125.090,84.210,31.230,-18.133,-0.38623046875,10.430,0,release,0
1682170927012,-6.304,-7.904,8.629,-113.680,119.910,79.800,36.486,-36.148,-0.4111328125,13.292,0,release,0
1682170927118,-7.453,-6.368,6.091,-101.500,39.270,73.010,33.490,-50.746,-0.39990234375,11.541,0,release,0
1682170927223,-7.367,-7.817,6.289,-76.160,35.070,95.410,38.905,-49.512,-0.403564453125,12.447,0,release,0
1682170927329,-8.900,-6.256,5.679,-0.280,51.170,100.100,30.649,-57.460,-0.40380859375,12.272,0,release,0
1682170927435,-9.137,-5.372,4.443,-3.640,9.800,70.700,27.868,-64.069,-0.40380859375,11.493,0,release,0
1682170927542,-8.318,-2.972,2.603,-49.770,-27.580,21.630,18.830,-72.621,-0.423583984375,9.209,0,release,0
1682170927647,-8.162,-3.806,2.268,-56.560,-25.760,19.740,24.191,-74.471,-0.414306640625,9.287,0,release,0
1682170927752,-8.658,-3.882,2.817,80.990,6.300,38.570,23.094,-71.980,-0.418212890625,9.898,0,release,0
1682170927860,-8.953,-1.985,3.008,28.560,7.770,31.430,11.872,-71.427,-0.431884765625,9.651,0,release,0
1682170927965,-8.921,-2.031,3.269,-15.260,-1.400,6.930,12.065,-69.875,-0.44189453125,9.716,0,release,0
1682170928070,-8.845,-4.986,2.390,-241.990,-35.210,-122.920,28.557,-74.878,-0.428466796875,10.431,0,release,0
1682170928176,-7.599,-9.803,1.557,-283.080,8.890,-209.370,51.645,-78.423,-0.455078125,12.501,0,release,0
1682170928281,-6.756,-12.885,-2.402,-172.760,97.440,-213.150,60.904,-109.573,-0.463623046875,14.746,1,load,0
1682170928385,-3.446,-9.860,-5.741,-159.110,126.210,-182.210,55.820,-149.022,-0.471923828125,11.919,1,load,0
1682170928492,-0.002,-7.937,-6.704,-174.160,127.960,-128.310,49.816,-179.980,-0.471923828125,10.389,1,load,0
1682170928599,2.749,-4.721,-7.084,-99.400,127.260,-85.820,31.848,158.789,-0.470703125,8.946,1,load,0
1682170928704,5.238,-2.529,-5.621,-41.230,126.560,-52.710,18.220,137.021,-0.46923828125,8.089,1,load,0
1682170928809,7.219,-1.684,-2.932,-50.050,115.640,-29.190,12.194,112.102,-0.50146484375,7.972,1,load,0
1682170928913,8.076,-0.261,-3.734,-71.820,92.260,-17.010,1.681,114.813,-0.48291015625,8.901,1,load,0
1682170929018,9.094,-1.432,1.162,-45.010,107.380,-10.500,8.879,82.721,-0.5068359375,9.279,1,load,0
1682170929124,9.080,-0.893,4.309,30.170,-35.350,-9.100,5.080,64.614,-0.496337890625,10.090,1,load,0
1682170929233,8.945,-1.971,0.359,88.480,-94.990,30.240,12.417,87.700,-0.50146484375,9.167,1,load,0
1682170929341,6.598,-3.672,0.132,136.430,-102.830,85.610,29.089,88.856,-0.5361328125,7.552,1,load,0
1682170929447,5.949,-3.966,-3.360,275.590,-131.460,143.850,30.134,119.458,-0.546630859375,7.900,1,load,0
1682170929553,1.844,-10.972,-3.200,219.240,-82.670,196.280,71.396,150.043,-0.54052734375,11.577,1,load,0
1682170929659,-2.235,-13.896,-0.678,185.640,-18.340,233.660,80.461,-106.874,-0.524169921875,14.091,1,load,0
1682170929766,-6.682,-9.264,1.698,108.430,48.370,241.570,53.342,-75.742,-0.49609375,11.548,0,release,0
1682170929872,-9.724,-7.963,2.845,158.550,90.650,258.580,38.168,-73.690,-0.463623046875,12.886,1,load,0
1682170929976,-10.069,-6.241,3.904,21.070,41.650,65.730,30.026,-68.807,-0.437255859375,12.473,0,release,0
1682170930081,-9.202,-4.134,4.239,13.230,-1.330,15.960,22.197,-65.265,-0.4052734375,10.942,0,release,0
1682170930189,-9.183,-3.257,2.601,-15.540,-15.960,15.750,18.844,-74.185,-0.376708984375,10.085,0,release,0
1682170930296,-8.799,-2.393,1.859,-9.590,-9.590,-8.190,14.898,-78.074,-0.386474609375,9.306,0,release,0
1682170930408,-9.010,-1.770,2.048,6.720,4.200,-7.770,10.844,-77.196,-0.369873046875,9.408,0,release,0
1682170930514,-9.281,-2.141,2.503,0.420,10.850,-2.030,12.558,-74.908,-0.374267578125,9.848,0,release,0
1682170930622,-9.190,-2.017,2.814,3.290,3.500,2.170,11.850,-72.974,-0.366943359375,9.821,0,release,0
1682170930731,-9.329,-2.002,2.421,2.030,-4.270,5.110,11.736,-75.449,-0.389892578125,9.844,0,release,0
1682170930836,-8.917,-1.906,2.259,-2.380,-4.340,2.310,11.709,-75.786,-0.392333984375,9.394,0,release,0
1682170930940,-8.989,-2.084,2.187,3.640,0.840,7.910,12.694,-76.327,-0.3935546875,9.483,0,release,0
1682170931047,-9.348,-2.251,2.558,0.490,0.630,4.410,13.078,-74.696,-0.3896484375,9.950,0,release,0
1682170931178,-8.895,-2.235,2.572,-9.380,-5.320,-0.420,13.567,-73.871,-0.38916015625,9.525,0,release,0
1682170931285,-9.685,-2.282,2.237,-0.210,-3.430,6.160,12.932,-76.995,-0.382080078125,10.199,0,release,0
1682170931392,-8.114,-1.430,2.476,13.160,-3.570,9.870,9.566,-73.028,-0.363037109375,8.603,0,release,0
1682170931501,-9.800,-1.653,2.352,15.820,-0.770,14.070,9.312,-76.505,-0.371826171875,10.213,0,release,0
1682170931606,-8.749,-0.704,2.761,-8.890,4.060,3.850,4.389,-72.483,-0.377197265625,9.201,0,release,0
1682170931709,-8.749,-5.571,2.187,-296.100,-23.030,-101.360,31.705,-75.967,-0.373779296875,10.600,0,release,0
1682170931817,-7.904,-10.948,-0.366,-236.460,4.480,-198.380,54.144,-92.655,-0.368408203125,13.508,1,load,0
1682170931925,-7.372,-11.886,-4.402,-145.600,95.060,-232.890,54.158,-120.843,-0.41650390625,14.663,1,load,0
1682170932034,-3.636,-8.993,-6.443,-129.850,144.340,-179.480,50.560,-150.563,-0.42919921875,11.645,1,load,0
1682170932142,0.309,-6.340,-7.489,-151.060,149.380,-121.310,40.224,177.638,-0.42822265625,9.817,1,load,0
1682170932249,2.922,-6.059,-6.970,-92.890,150.990,-60.550,38.723,157.254,-0.467041015625,9.687,1,load,0
1682170932355,5.885,-2.498,-4.776,-71.820,128.590,-27.930,18.243,129.061,-0.481689453125,7.980,1,load,0
1682170932460,7.305,-0.951,-4.186,-57.120,110.250,-14.770,6.443,119.818,-0.47998046875,8.473,1,load,0
1682170932567,8.459,-1.550,-1.782,-76.510,110.530,-4.620,10.162,101.895,-0.487548828125,8.783,1,load,0
1682170932684,9.422,-2.067,3.885,-15.470,68.320,-13.020,11.465,67.594,-0.500244140625,10.399,1,load,0
1682170932794,9.968,-0.345,-0.508,-7.980,-35.980,-0.770,1.979,92.916,-0.501708984375,9.987,1,load,0
1682170932901,9.865,-2.007,2.203,33.600,-19.110,12.110,11.230,77.409,-0.4697265625,10.305,1,load,0
1682170933011,6.737,-3.066,1.921,156.100,-102.410,58.730,23.634,74.087,-0.484375,7.647,1,load,0
1682170933116,4.709,-4.586,-2.738,215.320,-130.620,170.310,40.100,120.173,-0.4931640625,7.121,1,load,0
1682170933221,3.051,-5.875,-2.587,217.700,-79.030,257.320,55.750,130.289,-0.4755859375,7.108,1,load,0
1682170933326,-3.169,-12.030,0.208,132.860,1.960,268.660,75.214,-86.238,-0.4599609375,12.442,1,load,0
1682170933436,-7.063,-9.427,2.522,85.540,60.620,239.820,51.495,-70.350,-0.43603515625,12.046,1,load,0
1682170933544,-7.906,-8.373,4.036,71.260,55.300,175.630,43.328,-62.958,-0.3896484375,12.203,1,load,0
1682170933651,-9.070,-4.460,3.842,99.750,70.420,113.190,24.358,-67.045,-0.3798828125,10.813,1,load,0
1682170933756,-9.824,-5.516,4.967,28.840,26.110,31.990,26.612,-63.179,-0.35693359375,12.313,1,load,0
1682170933864,-9.135,-2.836,3.715,2.870,0.840,13.230,16.043,-67.870,-0.3408203125,10.261,0,release,0
1682170933972,-9.084,-2.378,2.855,-0.350,-10.990,-1.470,14.023,-72.554,-0.34912109375,9.815,0,release,0
1682170934076,-8.845,-1.820,2.467,5.460,-10.850,-17.010,11.212,-74.416,-0.357177734375,9.361,0,release,0
1682170934184,-8.399,-1.600,2.515,6.230,-3.290,-7.280,10.341,-73.332,-0.350830078125,8.912,0,release,0
1682170934288,-8.835,-1.655,2.596,-0.910,6.510,1.680,10.188,-73.625,-0.3427734375,9.356,0,release,0
1682170934391,-9.283,-2.093,3.061,4.760,12.180,8.400,12.087,-71.752,-0.342529296875,9.996,0,release,0
1682170934496,-9.269,-2.096,3.102,0.980,3.640,6.230,12.102,-71.498,-0.364990234375,9.996,0,release,0
1682170934602,-8.950,-1.648,2.601,5.320,-4.060,1.470,10.026,-73.796,-0.354736328125,9.465,0,release,0
1682170934708,-9.115,-1.935,2.821,-0.980,-1.540,-1.820,11.464,-72.802,-0.38232421875,9.736,0,release,0
1682170934815,-9.132,-1.650,2.745,4.060,-1.190,1.610,9.818,-73.272,-0.389892578125,9.677,0,release,0
1682170934920,-9.075,-1.504,2.663,-0.490,-0.490,0.840,9.036,-73.644,-0.366455078125,9.576,0,release,0
1682170935025,-9.032,-1.672,2.644,-3.640,1.890,5.390,10.073,-73.682,-0.347412109375,9.558,0,release,0
1682170935132,-9.103,-1.578,2.555,-3.990,5.110,5.880,9.477,-74.320,-0.3486328125,9.586,0,release,0
1682170935240,-9.266,-1.550,2.560,-1.050,6.300,6.160,9.157,-74.555,-0.33642578125,9.737,0,release,0
1682170935346,-9.144,-1.760,2.536,-1.610,4.620,0.560,10.509,-74.498,-0.3359375,9.651,0,release,0
1682170935451,-9.561,-4.258,4.117,-182.840,-28.840,-81.690,22.248,-66.703,-0.3466796875,11.247,1,load,0
1682170935556,-8.057,-10.442,1.645,-293.230,-46.340,-220.010,51.780,-78.458,-0.35791015625,13.291,1,load,0
1682170935664,-6.833,-12.148,-4.163,-219.170,59.920,-267.190,56.629,-121.349,-0.37158203125,14.546,1,load,0
1682170935773,-3.034,-8.847,-6.320,-171.850,144.900,-203.770,51.604,-154.354,-0.385498046875,11.288,1,load,0
1682170935882,1.035,-5.832,-6.210,-141.820,150.080,-127.190,42.809,170.541,-0.412109375,8.582,1,load,0
1682170935991,4.256,-3.463,-5.511,-82.110,131.040,-72.100,26.444,142.322,-0.42724609375,7.777,1,load,0
1682170936101,6.534,-1.550,-4.033,-83.160,118.790,-43.470,11.410,121.687,-0.442626953125,7.833,1,load,0
1682170936210,8.277,-1.195,-1.538,-70.910,86.870,-16.520,8.080,100.524,-0.462890625,8.503,1,load,0
1682170936316,9.518,-1.722,2.065,9.660,26.670,-11.270,10.027,77.762,-0.448974609375,9.890,1,load,0
1682170936425,8.689,-0.402,-0.776,41.160,-73.220,9.520,2.641,95.103,-0.4443359375,8.733,1,load,0
1682170936531,7.017,-0.735,-2.862,148.050,-109.480,59.080,5.541,112.188,-0.4443359375,7.614,1,load,0
1682170936635,5.528,-5.061,-3.401,205.870,-112.490,112.560,37.945,121.602,-0.455810546875,8.230,1,load,0
1682170936740,1.732,-10.490,-3.822,265.860,-65.380,201.320,68.197,155.629,-0.45849609375,11.298,1,load,0
1682170936851,-1.411,-10.509,-0.517,204.190,16.170,219.450,81.863,-110.139,-0.416259765625,10.616,1,load,0
1682170936960,-4.103,-8.478,1.748,150.710,54.530,204.190,62.255,-66.919,-0.408203125,9.579,1,load,0
1682170937065,-7.460,-6.869,3.058,100.170,84.700,161.070,40.428,-67.709,-0.377197265625,10.592,1,load,0
1682170937173,-9.297,-5.298,4.072,103.740,88.340,134.540,27.563,-66.350,-0.368408203125,11.449,1,load,0
1682170937282,-9.221,-4.201,4.790,-0.770,32.340,33.530,22.013,-62.549,-0.356201171875,11.208,1,load,0
1682170937393,-9.072,-2.548,3.990,2.940,3.780,10.710,14.419,-66.260,-0.3359375,10.233,0,release,0
1682170937499,-8.945,-2.699,2.656,-19.460,-10.570,4.830,16.133,-73.463,-0.350830078125,9.713,0,release,0
1682170937607,-8.809,-2.230,2.096,-8.750,-6.790,0.140,13.834,-76.618,-0.342529296875,9.325,0,release,0
1682170937715,-8.912,-2.433,2.474,-5.250,0.280,1.400,14.740,-74.485,-0.353515625,9.564,0,release,0
1682170937821,-9.051,-2.388,2.726,0.210,1.190,-0.840,14.177,-73.241,-0.364990234375,9.750,0,release,0
1682170937928,-9.132,-1.981,2.608,3.640,-3.220,-0.420,11.780,-74.061,-0.3525390625,9.702,0,release,0
1682170938031,-9.044,-1.995,2.472,5.740,-1.120,5.320,12.013,-74.714,-0.37451171875,9.586,0,release,0
1682170938135,-8.943,-2.187,2.544,0.560,-0.070,6.510,13.234,-74.124,-0.372802734375,9.552,0,release,0
1682170938240,-8.981,-2.088,2.527,0.070,3.850,9.590,12.617,-74.287,-0.369873046875,9.561,0,release,0
1682170938346,-9.262,-2.065,2.603,7.280,11.900,14.140,12.112,-74.300,-0.380126953125,9.840,0,release,0
1682170938457,-9.300,-2.081,2.869,-2.590,5.950,4.900,12.071,-72.854,-0.366943359375,9.952,0,release,0
1682170938566,-9.060,-1.976,2.529,2.100,-2.730,-1.680,11.863,-74.403,-0.37841796875,9.612,0,release,0
1682170938678,-9.168,-1.832,2.785,-1.960,-7.770,-7.000,10.825,-73.100,-0.38720703125,9.755,0,release,0
1682170938786,-9.245,-2.716,3.873,14.980,-17.990,-23.240,15.161,-67.271,-0.382568359375,10.385,0,release,0
1682170938892,-9.374,-4.495,4.879,26.390,-27.160,-28.070,23.045,-62.506,-0.375244140625,11.484,0,release,0
1682170939000,-8.644,-4.263,5.592,92.540,-35.490,-41.580,22.494,-57.097,-0.36572265625,11.143,0,release,0
1682170939105,-10.749,-4.512,8.409,85.260,-77.910,-66.850,18.296,-51.964,-0.29248046875,14.374,0,release,0
1682170939212,-11.029,-4.790,9.877,142.590,-156.310,-112.070,17.928,-48.154,-0.26611328125,15.561,0,release,0
1682170939318,-5.382,-2.716,10.136,173.530,-152.180,-40.390,13.315,-27.966,-0.27001953125,11.793,0,release,0
1682170939424,-3.794,0.010,7.870,101.360,-139.090,22.960,-0.063,-25.736,-0.283447265625,8.737,0,release,0
1682170939528,-1.859,0.774,5.307,113.470,-104.790,37.100,-7.833,-19.299,-0.2890625,5.676,0,release,0
1682170939635,1.708,1.844,2.467,23.520,-81.760,11.130,-31.578,34.692,-0.310791015625,3.522,0,release,0
1682170939742,4.237,3.221,0.826,21.140,3.360,-8.050,-36.732,78.964,-0.302978515625,5.386,0,release,0
1682170939850,2.615,3.245,5.039,18.690,101.290,-18.900,-29.753,27.430,-0.321533203125,6.539,0,release,0
1682170939955,-1.027,4.663,8.967,-18.830,80.710,-37.660,-27.323,-6.537,-0.312744140625,10.159,0,release,0
1682170940061,-1.703,3.068,8.737,-69.860,35.280,-40.320,-19.017,-11.029,-0.3134765625,9.415,0,release,0
1682170940166,-2.390,2.752,8.184,-66.080,71.330,-21.140,-17.889,-16.281,-0.34130859375,8.959,0,release,0
1682170940272,-4.730,0.853,7.865,-47.670,122.290,-7.910,-5.307,-31.023,-0.36181640625,9.217,0,release,0
1682170940381,-7.647,-0.491,7.346,-24.640,145.600,-12.040,2.651,-46.153,-0.399658203125,10.615,0,release,0
1682170940491,-9.942,-0.366,6.838,-31.500,145.530,-18.970,1.739,-55.480,-0.372314453125,12.072,0,release,0
1682170940601,-10.409,-1.473,5.913,-79.730,102.270,-8.610,7.014,-60.399,-0.389892578125,12.062,0,release,0
1682170940706,-10.636,-1.971,6.366,-41.930,79.030,-15.610,9.035,-59.099,-0.405029296875,12.551,0,release,0
1682170940815,-10.217,-0.644,6.620,-14.140,28.840,-14.070,3.029,-57.060,-0.42138671875,12.191,0,release,0
1682170940920,-10.979,0.144,7.166,24.920,-22.820,17.430,-0.628,-56.867,-0.391357421875,13.111,0,release,0
1682170941024,-12.351,-0.271,8.045,51.030,-83.860,41.160,1.052,-56.922,-0.3818359375,14.743,0,release,0
1682170941130,-12.279,-2.567,8.399,70.140,-133.210,40.600,9.792,-55.627,-0.364990234375,15.097,0,release,0
1682170941235,-12.255,1.293,7.219,165.200,-141.330,45.220,-5.196,-59.501,-0.354248046875,14.282,0,release,0
1682170941340,-9.027,2.445,6.203,68.110,-168.210,86.520,-12.586,-55.504,-0.35009765625,11.222,0,release,0
1682170941447,-5.250,2.352,4.919,25.270,-148.470,91.700,-18.103,-46.862,-0.37841796875,7.569,0,release,0
1682170941555,-0.994,3.051,5.298,22.470,-132.440,42.490,-29.513,-10.626,-0.375732421875,6.194,0,release,0
1682170941662,2.074,3.547,2.393,-9.520,-122.500,21.490,-48.244,40.921,-0.38427734375,4.755,0,release,0
1682170941771,5.106,3.094,0.086,-25.200,-39.130,-10.850,-31.212,89.033,-0.39111328125,5.971,0,release,0
1682170941876,2.845,5.061,2.608,13.440,80.570,-36.750,-52.667,47.490,-0.39794921875,6.365,0,release,0
1682170941981,-0.026,3.782,5.770,-34.020,99.190,-39.830,-33.243,-0.262,-0.4140625,6.899,0,release,0
1682170942088,-1.688,3.466,8.062,-56.140,81.410,-62.720,-22.819,-11.829,-0.408203125,8.936,0,release,0
1682170942196,-3.348,1.581,9.056,-119.700,119.000,-31.570,-9.298,-20.292,-0.412353515625,9.784,0,release,0
1682170942304,-6.890,-1.624,8.648,-101.990,148.610,-13.230,8.354,-38.545,-0.407958984375,11.176,0,release,0
1682170942413,-9.611,-1.241,7.896,-58.100,158.760,-18.690,5.696,-50.594,-0.388916015625,12.500,0,release,0
1682170942524,-11.063,-1.126,6.974,-59.920,128.800,-11.830,4.920,-57.771,-0.39501953125,13.126,0,release,0
1682170942634,-10.627,-0.941,6.203,-64.610,74.690,-6.370,4.374,-59.727,-0.39404296875,12.341,0,release,0
1682170942739,-9.662,-1.868,6.208,-24.150,58.520,4.060,9.239,-57.278,-0.41357421875,11.635,0,release,0
1682170942849,-10.423,-1.001,7.046,12.390,8.960,4.060,4.550,-55.941,-0.40185546875,12.621,0,release,0
1682170942953,-11.836,0.726,8.122,69.090,-59.430,24.640,-2.894,-55.544,-0.400390625,14.373,0,release,0
1682170943056,-12.833,-0.802,7.920,49.350,-140.700,52.500,3.046,-58.317,-0.39794921875,15.102,0,release,0
1682170943162,-12.318,-2.321,8.313,88.550,-208.390,10.080,8.876,-55.985,-0.395263671875,15.041,0,release,0
1682170943275,-8.186,0.644,8.179,107.240,-183.400,40.390,-3.187,-45.025,-0.385986328125,11.590,0,release,0
1682170943383,-4.658,2.062,7.743,69.370,-149.170,73.710,-12.855,-31.031,-0.402099609375,9.268,0,release,0
1682170943488,-1.677,2.009,6.301,35.980,-118.860,70.770,-17.128,-14.899,-0.389404296875,6.823,0,release,0
1682170943597,1.581,2.481,3.130,16.100,-126.210,22.610,-35.282,26.793,-0.3671875,4.296,0,release,0
1682170943704,4.881,3.573,-0.393,1.330,-42.910,-6.650,-36.119,94.601,-0.358154296875,6.062,0,release,0
1682170943809,4.907,3.801,1.509,5.180,71.330,-16.450,-36.513,72.909,-0.367919921875,6.388,0,release,0
1682170943915,1.741,4.330,4.634,-9.730,120.330,-31.500,-41.175,20.592,-0.35400390625,6.577,0,release,0
1682170944022,-0.836,3.013,7.470,-54.950,111.860,-46.970,-21.843,-6.385,-0.382568359375,8.098,0,release,0
1682170944133,-3.399,0.606,8.636,-103.740,118.510,-70.070,-3.735,-21.480,-0.401123046875,9.301,0,release,0
1682170944238,-6.967,2.553,12.205,-87.220,156.170,-42.140,-10.297,-29.719,-0.4169921875,14.284,0,release,0
1682170944345,-8.081,0.184,12.550,-50.820,124.600,-28.700,-0.708,-32.777,-0.40478515625,14.928,0,release,0
1682170944448,-7.463,1.054,10.636,-9.730,63.630,-21.070,-4.637,-35.055,-0.410400390625,13.036,0,release,0
1682170944555,-9.870,4.539,13.422,16.940,-22.190,5.670,-15.239,-36.330,-0.4169921875,17.268,0,release,0
1682170944663,-11.328,2.029,15.525,65.660,-126.140,27.370,-6.026,-36.119,-0.408447265625,19.325,0,release,0
1682170944769,-10.272,2.120,13.601,119.420,-204.330,55.300,-7.089,-37.062,-0.401123046875,17.175,0,release,0
1682170944874,-8.002,1.420,10.172,114.450,-219.730,111.930,-6.263,-38.191,-0.40869140625,13.020,0,release,0
1682170944979,-4.788,0.297,5.418,35.280,-269.850,100.030,-2.352,-41.468,-0.40625,7.237,0,release,0
1682170945090,0.489,0.335,0.122,28.630,-268.310,59.150,-33.655,75.964,-0.414794921875,0.605,0,release,0
1682170945199,4.254,1.827,-6.062,48.580,-201.390,-14.840,-13.862,144.943,-0.414306640625,7.628,0,release,0
1682170945304,6.958,5.825,-11.568,7.140,-100.870,-41.650,-23.340,148.975,-0.42431640625,14.702,0,release,0
1682170945413,6.878,5.377,-9.561,-18.200,58.590,19.740,-24.537,144.267,-0.462646484375,12.947,0,release,0
1682170945517,6.517,3.566,-5.571,-36.750,132.230,25.410,-22.585,130.525,-0.466552734375,9.286,0,release,0
1682170945621,5.937,1.300,-1.914,-17.080,204.960,3.990,-11.776,107.865,-0.4912109375,6.372,0,release,0
1682170945728,2.833,4.460,4.069,49.840,240.100,-82.670,-41.968,34.849,-0.487548828125,6.669,0,release,0
1682170945834,2.817,4.177,9.125,-83.650,141.960,-42.140,-23.624,17.153,-0.4609375,10.423,0,release,0
1682170945939,-0.108,4.584,16.353,-53.200,126.700,-20.370,-15.659,-0.378,-0.4345703125,16.984,0,release,0
1682170946044,0.733,-4.088,17.014,-33.530,-15.330,-109.760,13.499,2.466,-0.411865234375,17.514,0,release,0
1682170946156,-2.951,-1.071,12.054,62.160,-85.820,-227.220,4.931,-13.755,-0.4052734375,12.456,0,release,0
1682170946265,-4.979,1.013,8.787,48.440,-112.840,-264.180,-5.728,-29.538,-0.417236328125,10.150,0,release,0
1682170946371,-9.913,2.453,6.809,10.080,-106.680,-262.710,-11.526,-55.516,-0.434814453125,12.274,0,release,0
1682170946477,-10.916,7.192,5.700,-9.800,-78.750,-227.570,-30.286,-62.428,-0.439697265625,14.261,0,release,0
1682170946583,-9.621,18.291,3.485,42.980,14.980,24.850,-60.776,-70.089,-0.450439453125,20.959,0,release,0
1682170946687,-11.194,7.559,5.494,-28.210,126.980,292.460,-31.222,-63.858,-0.455810546875,14.582,0,release,0
1682170946793,-8.426,3.466,8.098,-13.370,122.430,310.170,-16.518,-46.138,-0.46142578125,12.190,0,release,0
1682170946905,-3.636,3.209,7.463,55.440,125.440,275.800,-21.137,-25.974,-0.464111328125,8.900,0,release,0
1682170947016,-0.374,0.407,9.685,-22.260,109.550,193.480,-2.405,-2.209,-0.46728515625,9.701,0,release,0
1682170947121,1.602,-5.039,13.125,-54.880,59.640,88.830,20.862,6.960,-0.4541015625,14.150,0,release,0
1682170947229,1.303,-1.684,13.350,-4.830,-33.180,-110.180,7.155,5.574,-0.472412109375,13.519,0,release,0
1682170947337,-1.653,-0.750,12.011,7.840,-103.110,-201.180,3.538,-7.834,-0.490234375,12.147,0,release,0
1682170947446,-6.071,0.766,9.463,36.540,-130.270,-290.990,-3.900,-32.685,-0.486572265625,11.269,0,release,0
1682170947554,-10.689,2.635,6.864,45.010,-133.980,-312.830,-11.717,-57.293,-0.486083984375,12.974,0,release,0
1682170947662,-12.133,9.860,5.152,23.170,-91.350,-254.660,-36.798,-66.994,-0.501953125,16.461,0,release,0
1682170947768,-9.276,15.199,3.657,-15.120,3.920,66.570,-56.734,-68.482,-0.508544921875,18.178,0,release,0
1682170947872,-7.882,7.125,4.905,-36.330,119.140,253.260,-37.506,-58.106,-0.486572265625,11.703,0,release,0
1682170947978,-4.788,4.610,7.001,2.590,122.990,275.940,-28.529,-34.368,-0.489501953125,9.654,0,release,0
1682170948087,-2.112,-1.997,8.299,-96.320,100.800,215.040,13.130,-14.281,-0.498046875,8.793,0,release,0
1682170948196,3.454,-5.722,10.057,-64.890,0.210,-69.020,28.285,18.953,-0.5009765625,12.075,0,release,0
1682170948304,-1.073,-1.106,7.094,-49.630,13.720,-218.400,8.767,-8.601,-0.48388671875,7.259,0,release,0
1682170948415,-5.468,3.971,10.694,-23.240,17.500,-229.250,-18.295,-27.081,-0.490478515625,12.650,0,release,0
1682170948524,-9.654,10.814,12.315,-22.120,-42.000,-57.680,-34.646,-38.094,-0.494140625,19.021,0,release,0
1682170948628,-7.377,5.401,7.542,-100.800,-75.110,187.950,-27.110,-44.365,-0.494140625,11.852,0,release,0
1682170948737,-6.893,-0.596,2.852,-178.360,-38.570,300.020,4.571,-67.519,-0.50732421875,7.483,0,release,0
1682170948850,-6.804,-11.285,4.246,-191.660,-5.530,310.100,54.598,-58.033,-0.512939453125,13.845,0,release,0
1682170948957,-7.147,-10.361,6.040,-22.330,119.910,119.000,47.913,-49.796,-0.527587890625,13.961,0,release,0
1682170949064,-7.271,-4.970,8.177,18.760,101.220,20.790,24.427,-41.646,-0.524169921875,12.018,0,release,0
1682170949173,-8.263,-5.042,12.478,-65.870,45.640,28.910,18.617,-33.512,-0.522216796875,15.792,0,release,0
1682170949283,-8.608,-5.427,9.506,-23.240,-53.270,2.800,22.938,-42.161,-0.494384765625,13.925,0,release,0
1682170949394,-7.020,-8.498,4.936,-64.260,-100.940,-76.580,44.718,-54.886,-0.496337890625,12.077,0,release,0
1682170949498,-5.092,-10.294,3.267,67.970,-73.360,-169.680,59.557,-57.317,-0.48046875,11.940,0,release,0
1682170949606,-5.738,-3.681,5.897,125.300,54.530,-217.840,24.104,-44.222,-0.470458984375,9.014,0,release,0
1682170949713,-4.807,6.189,8.296,-12.250,-42.630,-31.640,-32.840,-30.087,-0.493408203125,11.412,0,release,0
1682170949818,-4.790,1.289,5.798,-84.490,-33.390,127.610,-9.722,-39.560,-0.4892578125,7.630,0,release,0
1682170949923,-7.178,-5.580,2.752,-211.890,-12.110,208.390,35.977,-69.024,-0.493896484375,9.499,0,release,0
1682170950034,-6.593,-7.334,1.660,-6.930,25.130,165.900,47.165,-75.871,-0.501953125,10.001,0,release,0
1682170950146,-7.798,-8.105,3.315,-0.980,48.370,129.430,43.726,-66.972,-0.495849609375,11.726,0,release,0
1682170950252,-9.245,-6.924,4.400,-57.960,41.720,99.540,34.070,-64.550,-0.514892578125,12.360,0,release,0
1682170950357,-9.549,-6.512,6.883,49.560,49.000,34.300,28.952,-54.214,-0.5234375,13.452,0,release,0
1682170950463,-8.648,-1.380,4.378,-1.260,-7.840,5.250,8.100,-63.150,-0.51953125,9.791,0,release,0
1682170950569,-8.636,-2.170,2.886,-85.190,-24.360,15.820,13.403,-71.522,-0.49951171875,9.360,0,release,0
1682170950675,-8.747,-2.136,2.213,40.320,-6.300,11.060,13.322,-75.801,-0.507080078125,9.272,0,release,0
1682170950780,-8.601,-0.616,2.088,10.500,9.590,10.570,3.978,-76.351,-0.497314453125,8.872,0,release,0
1682170950886,-9.015,-1.607,2.862,10.360,16.800,22.260,9.643,-72.386,-0.490234375,9.594,0,release,0
1682170950992,-9.326,-1.174,3.257,14.560,16.870,11.830,6.775,-70.748,-0.49072265625,9.948,0,release,0
1682170951096,-9.288,-0.783,3.051,0.630,7.490,-5.180,4.580,-71.814,-0.4736328125,9.808,0,release,0
1682170951210,-9.223,-0.635,2.642,-3.850,1.890,-10.570,3.785,-74.017,-0.474853515625,9.615,0,release,0
1682170951323,-9.130,-0.891,2.419,-23.310,0.980,-16.870,5.389,-75.160,-0.462890625,9.487,0,release,0
1682170951431,-9.408,-2.261,2.608,-95.830,-2.170,-22.610,13.039,-74.504,-0.46875,10.021,0,release,0
1682170951540,-9.345,-1.985,2.294,-2.100,2.800,-3.220,11.658,-76.206,-0.47998046875,9.825,0,release,0
1682170951644,-9.247,-2.510,2.127,-54.600,3.290,-7.000,14.817,-77.048,-0.486572265625,9.815,0,release,0
1682170951749,-9.106,-2.999,1.095,-121.660,6.720,-21.420,18.105,-83.146,-0.470458984375,9.649,0,release,0
1682170951854,-8.342,-8.148,0.029,-299.530,-1.190,-78.820,44.326,-89.803,-0.47509765625,11.661,0,release,0
1682170951965,-8.510,-6.871,0.163,53.690,22.890,-21.980,38.915,-88.904,-0.465576171875,10.939,0,release,0
1682170952075,-9.137,5.913,-2.256,-311.220,55.720,-15.470,-32.142,-103.870,-0.47412109375,11.115,0,release,0
1682170952180,-8.316,-7.664,0.287,-100.240,11.410,-35.350,42.648,-88.021,-0.47216796875,11.313,0,release,0
1682170952285,-8.234,4.766,-4.905,126.280,30.520,21.560,-26.440,-120.782,-0.4609375,10.704,0,release,0
1682170952390,-6.855,-12.021,-1.406,-206.990,-22.680,-68.390,59.796,-101.591,-0.45947265625,13.909,0,release,0
1682170952496,-8.028,-10.081,-0.620,156.030,0.000,11.620,51.383,-94.418,-0.451904296875,12.902,0,release,0
1682170952605,-6.203,-2.484,-6.749,1013.600,72.800,43.470,15.160,-137.414,-0.476318359375,9.497,0,release,0
1682170952717,-9.810,-5.430,-3.626,-792.050,-23.800,-44.800,27.436,-110.286,-0.468505859375,11.784,0,release,0
1682170952826,-10.586,-15.007,-0.812,654.920,-131.390,-0.910,54.722,-94.386,-0.44580078125,18.383,0,release,0
1682170952931,-8.332,-0.826,-2.682,-684.040,30.730,3.080,5.392,-107.845,-0.44482421875,8.792,0,release,0
1682170953038,-7.487,-11.065,1.938,-49.280,-34.790,-21.350,55.050,-75.490,-0.439453125,13.500,0,release,0
1682170953143,-8.074,-3.923,-1.499,596.120,58.450,-1.190,25.536,-100.520,-0.44384765625,9.101,0,release,0
1682170953248,-8.591,-3.830,2.946,-261.170,-5.390,-4.060,22.864,-71.073,-0.45849609375,9.857,0,release,0
1682170953355,-8.474,-5.717,3.755,-4.970,17.150,13.160,31.667,-66.098,-0.46337890625,10.890,0,release,0
1682170953470,-8.330,-3.894,2.771,70.840,1.190,20.860,23.922,-71.600,-0.431640625,9.604,0,release,0
1682170953583,-8.430,-4.881,2.541,-47.670,-10.360,7.070,29.001,-73.226,-0.41845703125,10.067,0,release,0
1682170953691,-8.351,-3.748,2.457,61.740,-4.690,14.490,23.295,-73.604,-0.441162109375,9.478,0,release,0
1682170953798,-8.612,-2.979,2.783,18.900,-2.450,19.670,18.221,-72.092,-0.442626953125,9.528,0,release,0
1682170953902,-8.751,-2.946,2.831,-6.580,0.770,16.660,17.759,-72.075,-0.426025390625,9.658,0,release,0
1682170954005,-8.672,-3.099,3.037,0.840,1.540,11.550,18.638,-70.701,-0.43505859375,9.697,0,release,0
1682170954110,-8.799,-2.692,2.943,15.190,1.960,7.420,16.179,-71.504,-0.441162109375,9.661,0,release,0
1682170954215,-8.881,-2.340,2.903,28.560,3.360,2.940,14.060,-71.899,-0.441650390625,9.632,0,release,0
1682170954323,-8.756,-2.223,2.922,63.210,6.510,4.760,13.538,-71.546,-0.43994140625,9.495,0,release,0
1682170954431,-8.850,-1.545,3.102,-8.190,12.670,3.850,9.355,-70.686,-0.439208984375,9.504,0,release,0
1682170954540,-8.965,-4.024,3.992,-105.140,-7.070,-19.460,22.294,-65.993,-0.442626953125,10.607,0,release,0
1682170954648,-8.591,-8.969,2.778,-205.380,-27.090,-123.550,44.810,-72.079,-0.433349609375,12.727,1,load,0
1682170954755,-8.440,-10.514,-0.687,-180.740,37.870,-207.410,51.152,-94.656,-0.4169921875,13.500,1,load,0
1682170954863,-5.932,-10.703,-4.254,-162.540,115.150,-205.940,55.706,-125.640,-0.419921875,12.955,1,load,0
1682170954970,-1.724,-8.169,-6.246,-166.040,152.950,-157.780,51.579,-164.567,-0.42333984375,10.427,1,load,0
1682170955076,1.705,-6.383,-5.564,-132.650,158.340,-102.480,47.645,162.960,-0.420654296875,8.638,1,load,0
1682170955182,3.411,-3.784,-6.000,-76.440,149.520,-69.370,28.737,150.383,-0.423828125,7.871,1,load,0
1682170955292,6.845,-1.480,-3.123,-82.110,132.370,-61.180,11.129,114.525,-0.453369140625,7.668,1,load,0
1682170955399,8.062,-2.709,-1.928,-128.800,116.340,-36.750,18.097,103.450,-0.449462890625,8.721,1,load,0
1682170955504,9.305,-1.990,4.891,-43.120,67.130,-22.190,10.721,62.273,-0.437255859375,10.699,1,load,0
1682170955610,9.844,1.128,-0.350,3.920,-24.010,-10.500,-6.533,92.034,-0.421875,9.915,1,load,0
1682170955714,10.375,0.352,-0.730,-1.120,3.360,3.850,-1.939,94.027,-0.4189453125,10.407,1,load,0
1682170955822,9.985,-0.771,0.920,10.360,-9.240,9.730,4.398,84.737,-0.41748046875,10.057,1,load,0
1682170955931,7.386,-2.405,4.584,148.190,-95.410,39.480,15.462,58.175,-0.42724609375,9.019,1,load,0
1682170956044,4.352,-3.058,-2.041,238.490,-147.700,171.360,32.470,115.122,-0.453857421875,5.697,1,load,0
1682170956155,-0.477,-11.649,-0.740,128.380,-129.640,247.030,85.679,-147.218,-0.465576171875,11.682,1,load,0
1682170956261,-3.466,-11.795,-3.363,271.740,-78.680,266.350,67.737,-134.136,-0.4697265625,12.745,1,load,0
1682170956365,-6.620,-12.088,2.187,140.140,9.170,246.890,60.026,-71.721,-0.455322265625,13.954,1,load,0
1682170956478,-9.285,-9.297,3.628,99.050,68.320,189.980,43.003,-68.656,-0.4111328125,13.631,1,load,0
1682170956590,-9.115,-5.528,3.480,33.460,54.040,68.880,29.533,-69.105,-0.408447265625,11.214,1,load,0
1682170956695,-8.878,-4.766,4.098,18.970,35.840,39.480,25.985,-65.224,-0.356689453125,10.878,1,load,0
1682170956800,-9.293,-3.054,3.228,11.340,9.100,14.140,17.245,-70.842,-0.353515625,10.301,0,release,0
1682170956910,-9.087,-2.620,2.412,-8.750,-8.890,1.960,15.573,-75.135,-0.363037109375,9.760,0,release,0
1682170957018,-9.123,-2.218,2.036,-13.230,-8.400,-1.260,13.348,-77.420,-0.352294921875,9.607,0,release,0
1682170957124,-9.099,-1.940,2.065,-1.680,-1.400,3.290,11.746,-77.216,-0.36181640625,9.530,0,release,0
1682170957233,-9.293,-1.909,2.472,6.650,0.000,10.220,11.228,-75.105,-0.355224609375,9.804,0,release,0
1682170957338,-9.137,-1.696,2.529,38.290,0.770,21.350,10.141,-74.528,-0.357421875,9.631,0,release,0
1682170957441,-9.125,-0.838,1.973,85.540,8.050,27.650,5.131,-77.796,-0.361572265625,9.373,0,release,0
1682170957548,-9.350,-1.178,2.493,36.960,6.860,17.850,6.943,-75.069,-0.34521484375,9.748,0,release,0
1682170957653,-9.214,-1.341,2.805,3.710,-0.350,-1.190,7.928,-73.070,-0.345458984375,9.724,0,release,0
1682170957757,-9.051,-1.456,3.456,-67.550,-17.220,-18.270,8.548,-69.101,-0.359375,9.797,0,release,0
1682170957865,-9.616,-5.722,3.830,-247.100,-61.320,-111.440,28.933,-68.285,-0.34814453125,11.827,1,load,0
1682170957973,-9.199,-8.907,0.941,-203.560,-9.870,-198.380,43.926,-84.158,-0.363525390625,12.839,1,load,0
1682170958081,-7.041,-10.586,-3.011,-201.670,95.830,-239.330,54.118,-113.149,-0.362548828125,13.065,1,load,0
1682170958190,-3.209,-9.484,-6.222,-201.320,148.050,-184.240,53.566,-152.716,-0.36328125,11.788,1,load,0
1682170958295,0.534,-6.993,-7.678,-190.540,168.140,-123.270,42.258,176.021,-0.401611328125,10.399,1,load,0
1682170958400,3.389,-4.996,-6.481,-93.310,166.600,-71.680,34.338,152.394,-0.416748046875,8.857,1,load,0
1682170958506,5.868,-0.467,-4.984,-84.980,127.050,-65.660,3.471,130.344,-0.44775390625,7.713,1,load,0
1682170958614,7.930,0.144,-4.318,-71.120,111.440,-65.730,-0.912,118.570,-0.4326171875,9.031,1,load,0
1682170958720,8.390,0.577,2.781,-25.410,96.600,-38.710,-3.736,71.663,-0.437744140625,8.858,1,load,0
1682170958825,9.693,1.451,1.825,-18.970,-3.500,-10.150,-8.371,79.337,-0.426025390625,9.969,1,load,0
1682170958931,10.002,2.189,0.007,-7.560,-3.710,5.950,-12.346,89.959,-0.4140625,10.239,1,load,0
1682170959043,9.132,0.376,2.369,34.790,-33.320,14.700,-2.282,75.459,-0.43994140625,9.442,1,load,0
1682170959157,6.162,-1.631,2.263,207.900,-112.350,108.290,13.952,69.833,-0.435302734375,6.764,1,load,0
1682170959265,4.416,-2.656,-3.705,266.490,-105.910,244.300,24.738,129.995,-0.456298828125,6.347,1,load,0
1682170959374,0.251,-10.133,-1.765,112.630,-71.260,274.820,80.021,171.892,-0.42822265625,10.289,1,load,0
1682170959479,-2.342,-10.272,-0.551,125.020,-26.810,243.740,76.816,-103.234,-0.429443359375,10.550,1,load,0
1682170959585,-5.492,-10.809,2.079,110.530,28.700,181.860,61.486,-69.266,-0.404052734375,12.301,1,load,0
1682170959691,-7.815,-6.864,3.636,180.460,92.680,182.070,38.533,-65.051,-0.377685546875,11.019,1,load,0
1682170959798,-10.069,-4.546,3.985,50.750,79.520,94.150,22.772,-68.406,-0.35009765625,11.744,1,load,0
1682170959903,-9.350,-4.134,4.311,-45.920,26.460,13.230,21.875,-65.247,-0.33251953125,11.095,1,load,0
1682170960008,-9.187,-3.571,4.582,-0.420,19.600,19.250,19.179,-63.495,-0.302734375,10.870,1,load,0
1682170960114,-9.242,-2.160,2.747,-15.680,-10.850,12.460,12.629,-73.447,-0.29736328125,9.881,1,load,0
1682170960223,-9.044,-2.316,2.426,-9.520,-9.730,-1.680,13.893,-74.983,-0.31298828125,9.646,0,release,0
1682170960328,-8.907,-2.009,2.158,-5.670,-3.780,0.140,12.367,-76.381,-0.308837890625,9.382,0,release,0
1682170960431,-9.032,-1.863,2.448,-6.580,-0.560,-3.640,11.262,-74.836,-0.322998046875,9.542,0,release,0
1682170960537,-9.228,-1.789,2.587,-4.550,2.170,1.400,10.574,-74.342,-0.34375,9.749,0,release,0
1682170960648,-9.175,-1.770,2.637,-5.530,-0.560,7.840,10.503,-73.966,-0.34130859375,9.709,0,release,0
1682170960755,-9.175,-1.641,2.445,-25.060,-2.030,5.390,9.802,-75.077,-0.34814453125,9.636,0,release,0
1682170960864,-9.044,-2.381,2.572,7.350,-3.290,8.750,14.209,-74.123,-0.359375,9.699,0,release,0
1682170960973,-8.854,-1.475,1.660,140.070,13.300,14.980,9.301,-79.383,-0.368896484375,9.128,0,release,0
1682170961078,-9.111,-0.022,1.866,87.990,20.650,19.740,0.133,-78.427,-0.335693359375,9.300,0,release,0
1682170961183,-9.374,0.168,2.481,31.780,10.850,9.450,-0.990,-75.174,-0.352783203125,9.698,0,release,0
1682170961288,-9.456,-0.175,2.948,-63.000,-11.270,-15.750,1.011,-72.682,-0.32958984375,9.906,1,load,0
1682170961394,-9.194,-1.454,3.317,-114.170,-27.300,-36.750,8.460,-70.162,-0.342529296875,9.882,1,load,0
1682170961500,-8.957,-7.362,2.474,-316.470,-58.870,-155.470,38.388,-74.560,-0.35400390625,11.855,1,load,0
1682170961605,-7.662,-11.829,-0.726,-192.780,47.320,-233.660,56.952,-95.411,-0.3671875,14.112,1,load,0
1682170961712,-5.372,-10.778,-5.451,-174.300,121.870,-216.090,54.621,-135.418,-0.3935546875,13.219,1,load,0
1682170961817,-1.274,-8.771,-7.772,-220.850,174.230,-165.130,48.078,-170.689,-0.4033203125,11.788,1,load,0
1682170961921,0.661,-5.688,-6.914,-111.160,191.380,-89.950,39.315,174.539,-0.40234375,8.977,1,load,0
1682170962028,5.624,-2.855,-5.796,-8.400,157.430,-82.320,19.469,135.865,-0.403564453125,8.566,1,load,0
1682170962136,6.385,-0.716,-2.764,-73.500,143.500,-66.710,5.876,113.406,-0.417724609375,6.994,1,load,0
1682170962241,8.768,-1.851,1.042,-92.400,122.500,-19.600,11.842,83.224,-0.413330078125,9.022,1,load,0
1682170962344,9.087,-0.251,4.198,-15.400,29.540,-10.570,1.439,65.201,-0.40576171875,10.013,1,load,0
1682170962452,9.336,1.387,1.272,-0.910,-29.400,-0.070,-8.373,82.243,-0.380859375,9.524,1,load,0
1682170962560,8.888,-0.206,1.530,48.510,-64.120,26.040,1.308,80.230,-0.387939453125,9.021,1,load,0
1682170962669,6.560,-3.391,0.187,214.970,-117.670,79.660,27.328,88.369,-0.41162109375,7.387,1,load,0
1682170962778,4.483,-4.153,-3.439,316.540,-109.830,207.900,36.314,127.492,-0.433837890625,7.012,1,load,0
1682170962885,0.342,-9.733,-2.381,191.310,-67.200,283.150,76.120,171.813,-0.424072265625,10.026,1,load,0
1682170962994,-4.067,-11.019,-0.929,166.950,-22.960,291.620,69.265,-102.871,-0.39599609375,11.782,1,load,0
1682170963103,-7.264,-9.424,2.179,62.650,44.800,218.610,51.176,-73.299,-0.36083984375,12.097,1,load,0
1682170963218,-10.073,-8.359,3.468,177.870,96.530,189.700,38.117,-71.003,-0.339111328125,13.541,1,load,0
1682170963322,-9.901,-3.997,3.619,39.550,74.270,46.900,20.766,-69.922,-0.328125,11.274,1,load,0
1682170963434,-9.604,-1.978,4.186,15.750,17.360,21.420,10.693,-66.447,-0.29638671875,10.662,1,load,0
1682170963553,-9.372,-2.498,2.024,-26.530,-21.280,4.620,14.603,-77.814,-0.279052734375,9.908,1,load,0
1682170963658,-8.926,-1.904,1.461,-16.870,-12.740,-1.610,11.888,-80.705,-0.27099609375,9.243,0,release,0
1682170963765,-9.068,-1.691,1.717,-5.390,-0.490,1.820,10.383,-79.276,-0.295654296875,9.383,0,release,0
1682170963870,-9.293,-1.655,2.239,-6.300,1.330,2.030,9.823,-76.451,-0.295166015625,9.701,0,release,0
1682170963975,-9.228,-1.552,2.151,-9.450,-3.290,2.590,9.302,-76.881,-0.303466796875,9.602,0,release,0
1682170964080,-9.185,-1.820,1.921,-3.570,-2.030,5.460,10.978,-78.188,-0.30908203125,9.559,0,release,0
1682170964188,-9.211,-1.799,2.062,-3.290,-0.210,3.710,10.788,-77.381,-0.315185546875,9.609,0,release,0
1682170964294,-9.274,-1.727,2.196,-5.040,-1.680,5.810,10.270,-76.676,-0.324462890625,9.686,0,release,0
1682170964400,-9.329,-1.844,1.973,0.560,-1.330,6.090,10.946,-78.055,-0.333740234375,9.712,0,release,0
1682170964505,-9.240,-1.729,2.029,4.270,1.540,9.170,10.359,-77.618,-0.346435546875,9.617,0,release,0
1682170964617,-9.290,-1.660,2.141,2.240,2.730,4.200,9.876,-77.022,-0.341796875,9.677,0,release,0
1682170964725,-9.271,-1.502,2.079,3.150,0.350,-0.210,8.981,-77.362,-0.346923828125,9.619,0,release,0
1682170964830,-9.218,-2.692,2.881,-4.200,-4.060,-11.970,15.575,-72.643,-0.324462890625,10.026,0,release,0
1682170964939,-10.026,-3.547,3.935,-38.850,-32.270,-76.440,18.229,-68.570,-0.31591796875,11.340,1,load,0
1682170965044,-9.032,-8.102,3.080,-167.230,-70.420,-168.210,40.334,-71.169,-0.345947265625,12.518,1,load,0
1682170965148,-7.458,-10.596,-1.066,-211.680,-2.520,-251.790,54.586,-98.133,-0.3310546875,13.001,1,load,0
1682170965255,-4.668,-10.315,-4.845,-158.130,115.640,-254.730,56.887,-136.067,-0.341796875,12.315,1,load,0
1682170965365,0.034,-7.971,-5.940,-199.990,162.750,-185.360,53.306,179.677,-0.37939453125,9.941,1,load,0
1682170965474,3.502,-4.069,-4.172,-135.520,167.090,-103.530,36.762,139.994,-0.399658203125,6.799,1,load,0
1682170965579,6.411,-2.587,-2.929,-92.680,125.510,-61.320,20.151,114.554,-0.417236328125,7.508,1,load,0
1682170965687,7.882,-1.250,-2.433,-86.380,90.930,-57.400,8.618,107.157,-0.3955078125,8.343,1,load,0
1682170965794,8.969,0.208,-0.347,-54.740,59.570,-42.000,-1.330,92.217,-0.40576171875,8.978,1,load,0
1682170965899,11.019,-0.944,0.857,-14.630,48.090,5.600,4.880,85.551,-0.400146484375,11.093,1,load,0
1682170966004,9.403,1.471,1.854,12.950,22.120,0.350,-8.723,78.847,-0.36669921875,9.696,1,load,0
1682170966112,8.543,-0.108,3.942,45.500,-57.890,20.510,0.656,65.229,-0.361572265625,9.409,1,load,0
1682170966220,6.251,-2.184,1.708,181.370,-140.980,61.460,18.628,74.721,-0.357177734375,6.838,1,load,0
1682170966330,4.567,-6.491,-3.240,247.870,-174.580,151.830,49.212,125.355,-0.3740234375,8.573,1,load,0
1682170966436,2.697,-10.368,-6.227,288.470,-121.870,236.180,56.795,156.584,-0.374755859375,12.391,1,load,0
1682170966541,-1.439,-13.400,-2.829,201.250,-49.280,236.530,76.676,-153.029,-0.373046875,13.771,1,load,0
1682170966646,-6.189,-10.888,1.253,132.720,18.060,215.460,59.889,-78.558,-0.347900390625,12.587,1,load,0
1682170966756,-8.110,-8.284,3.157,79.030,52.290,184.170,43.591,-68.732,-0.33447265625,12.015,1,load,0
1682170966863,-9.621,-6.929,3.590,82.740,68.600,133.910,34.009,-69.536,-0.322509765625,12.388,1,load,0
1682170966970,-9.475,-4.215,3.741,20.090,47.390,50.190,22.480,-68.454,-0.32275390625,11.024,1,load,0
1682170967080,-9.520,-3.159,3.657,-4.760,5.040,25.060,17.211,-68.986,-0.281005859375,10.676,1,load,0
1682170967188,-9.242,-2.781,2.132,-23.450,-12.530,4.620,16.339,-77.013,-0.26220703125,9.884,0,release,0
1682170967299,-9.115,-2.172,1.667,-14.420,-6.020,-4.620,13.193,-79.637,-0.268798828125,9.517,0,release,0
1682170967410,-9.317,-1.966,2.017,-3.990,-1.470,-4.340,11.655,-77.787,-0.288818359375,9.733,0,release,0
1682170967515,-9.266,-1.772,2.244,-2.730,-2.310,-0.140,10.531,-76.386,-0.301513671875,9.697,0,release,0
1682170967622,-9.194,-1.509,1.909,-24.290,-3.220,2.940,9.128,-78.272,-0.2783203125,9.511,0,release,0
1682170967726,-9.321,-2.129,2.048,-24.710,-2.450,7.840,12.577,-77.610,-0.282958984375,9.778,0,release,0
1682170967831,-9.326,-0.481,1.593,-153.300,0.000,1.750,2.913,-80.309,-0.28564453125,9.473,0,release,0
1682170967937,-9.113,-3.569,1.787,7.910,-13.300,2.450,21.020,-78.907,-0.295654296875,9.949,0,release,0
1682170968046,-8.838,-1.962,1.360,40.880,-6.440,9.100,12.373,-81.249,-0.311279296875,9.155,0,release,0
1682170968155,-9.132,-2.132,1.906,24.850,3.080,11.690,12.870,-78.208,-0.334228515625,9.569,0,release,0
1682170968263,-9.202,-1.827,2.021,80.990,8.960,20.230,10.977,-77.610,-0.339111328125,9.597,0,release,0
1682170968372,-9.841,-3.293,3.181,8.330,3.990,-11.550,17.662,-72.090,-0.3017578125,10.854,0,release,0
1682170968477,-9.800,-7.801,3.092,-224.420,-24.640,-141.820,37.201,-72.490,-0.283935546875,12.902,1,load,0
1682170968580,-8.840,-9.252,-0.196,-165.200,29.470,-224.770,46.297,-91.273,-0.28857421875,12.798,1,load,0
1682170968687,-6.766,-11.070,-3.590,-169.050,104.020,-245.350,55.320,-117.951,-0.312255859375,13.461,1,load,0
1682170968794,-2.515,-8.924,-6.960,-217.210,162.960,-185.010,50.332,-160.134,-0.312744140625,11.593,1,load,0
1682170968899,1.071,-6.019,-7.372,-152.880,169.540,-129.640,38.937,171.737,-0.3505859375,9.577,1,load,0
1682170969004,4.160,-3.710,-6.804,-117.880,163.310,-69.790,24.947,148.558,-0.3818359375,8.796,1,load,0
1682170969112,6.440,-2.263,-3.885,-66.430,147.350,-35.700,16.748,121.098,-0.406982421875,7.854,1,load,0
1682170969217,7.872,-1.590,-1.554,-71.610,126.280,-25.130,11.210,101.169,-0.39208984375,8.180,1,load,0
1682170969321,8.404,-1.200,1.892,-64.050,84.770,-18.550,7.930,77.312,-0.382080078125,8.698,1,load,0
1682170969427,9.685,-1.653,2.824,-5.950,4.270,-7.280,9.303,73.746,-0.373046875,10.223,1,load,0
1682170969536,9.321,0.266,1.420,13.650,-30.030,-1.260,-1.615,81.337,-0.359619140625,9.432,1,load,0
1682170969645,7.710,-1.291,1.243,92.190,-102.970,33.040,9.387,80.841,-0.37109375,7.916,1,load,0
1682170969751,5.327,-3.901,-0.165,188.790,-164.080,96.600,36.208,91.777,-0.37890625,6.605,1,load,0
1682170969856,3.027,-3.355,-6.869,259.700,-174.790,216.510,24.085,156.216,-0.3935546875,8.222,1,load,0
1682170969964,-1.202,-12.090,-2.570,206.920,-90.510,274.330,76.793,-154.928,-0.382568359375,12.418,1,load,0
1682170970078,-6.344,-10.191,0.383,110.390,21.350,246.330,58.048,-86.544,-0.343505859375,12.010,1,load,0
1682170970187,-8.284,-8.598,2.869,99.330,42.070,202.160,44.442,-70.897,-0.340576171875,12.279,1,load,0
1682170970295,-9.532,-6.886,3.379,101.780,64.960,140.910,34.249,-70.479,-0.318115234375,12.235,1,load,0
1682170970400,-9.331,-5.092,3.873,-19.600,38.010,27.580,26.748,-67.460,-0.26025390625,11.314,1,load,0
1682170970504,-9.080,-3.705,3.949,13.790,11.760,17.290,20.516,-66.492,-0.2783203125,10.572,1,load,0
1682170970611,-9.144,-3.116,2.326,-24.990,-15.610,-2.940,18.275,-75.731,-0.273681640625,9.936,1,load,0
1682170970724,-8.957,-2.441,1.641,-8.890,-9.100,-4.620,15.003,-79.621,-0.27197265625,9.428,0,release,0
1682170970835,-9.000,-2.156,1.751,-2.100,2.170,0.560,13.229,-78.992,-0.251220703125,9.419,0,release,0
1682170970938,-9.180,-2.096,2.321,0.350,4.410,5.880,12.479,-75.813,-0.270263671875,9.698,0,release,0
1682170971046,-9.202,-2.548,2.345,-6.930,-1.960,6.930,15.022,-75.704,-0.305908203125,9.832,0,release,0
1682170971156,-9.000,-2.476,2.136,-8.120,-4.620,5.250,14.987,-76.647,-0.289306640625,9.576,0,release,0
1682170971265,-9.084,-2.419,2.024,-4.970,-1.260,3.990,14.569,-77.441,-0.3037109375,9.616,0,release,0
1682170971371,-9.197,-2.347,2.333,16.800,1.960,8.610,13.895,-75.767,-0.29638671875,9.774,0,release,0
1682170971476,-9.226,-1.312,2.076,22.960,3.080,17.710,7.902,-77.315,-0.298828125,9.547,0,release,0
1682170971583,-9.171,-1.384,2.050,22.400,3.850,16.030,8.380,-77.398,-0.264404296875,9.499,0,release,0
1682170971694,-9.183,-1.427,2.074,10.290,5.880,10.640,8.622,-77.272,-0.272216796875,9.522,0,release,0
1682170971798,-9.288,-1.744,2.436,-2.800,5.460,-1.120,10.292,-75.305,-0.2568359375,9.759,0,release,0
1682170971903,-10.045,-3.743,3.411,-79.100,-19.950,-60.200,19.437,-71.246,-0.268798828125,11.249,1,load,0
1682170972008,-9.578,-8.450,2.352,-205.100,-53.270,-178.220,40.589,-76.203,-0.256591796875,12.987,1,load,0
1682170972114,-8.395,-12.552,-2.479,-213.850,53.970,-281.400,55.111,-106.451,-0.258544921875,15.303,1,load,0
1682170972220,-4.807,-9.999,-6.330,-139.580,154.350,-234.990,51.519,-142.788,-0.27685546875,12.773,1,load,0
1682170972324,0.050,-8.007,-7.278,-184.170,192.430,-183.120,47.726,179.604,-0.297607421875,10.821,1,load,0
1682170972429,2.433,-4.541,-6.129,-178.290,190.890,-133.140,34.552,158.345,-0.3134765625,8.007,1,load,0
1682170972536,6.347,-2.469,-2.534,-48.790,145.250,-55.300,19.866,111.764,-0.322021484375,7.266,1,load,0
1682170972644,7.652,-0.163,-3.147,-98.000,109.550,-32.760,1.128,112.356,-0.35693359375,8.275,1,load,0
1682170972749,8.967,-2.963,6.021,-18.970,136.220,8.330,15.339,56.120,-0.34765625,11.200,1,load,0
1682170972854,8.926,-1.286,4.048,6.230,-27.440,-10.290,7.476,65.608,-0.335205078125,9.885,1,load,0
1682170972958,7.420,-0.345,2.505,117.950,-78.610,26.810,2.522,71.343,-0.345703125,7.839,1,load,0
1682170973064,5.269,-2.766,-0.532,251.790,-169.890,79.940,27.580,95.762,-0.34912109375,5.975,1,load,0
1682170973177,3.698,-6.136,-5.698,221.130,-183.260,193.480,42.093,147.016,-0.358642578125,9.154,1,load,0
1682170973284,0.525,-10.368,-5.473,166.250,-120.540,205.030,62.065,174.525,-0.371337890625,11.736,1,load,0
1682170973394,-2.757,-11.956,-1.688,139.860,-41.860,213.500,74.870,-121.488,-0.337646484375,12.385,1,load,0
1682170973504,-5.154,-7.882,1.550,119.070,39.060,201.880,55.674,-73.267,-0.317626953125,9.544,1,load,0
1682170973617,-11.000,-7.702,2.941,115.290,72.800,250.040,34.076,-75.031,-0.312255859375,13.747,1,load,0
1682170973722,-10.117,-4.951,2.809,40.670,70.770,74.620,25.244,-74.480,-0.294921875,11.608,1,load,0
1682170973827,-9.396,-2.692,4.129,29.610,21.630,19.110,14.698,-66.276,-0.2724609375,10.610,1,load,0
1682170973935,-9.300,-3.020,2.773,-23.590,-14.420,-4.690,17.286,-73.394,-0.2734375,10.164,0,release,0
1682170974040,-9.266,-2.076,1.269,-18.550,-18.410,-16.590,12.518,-82.200,-0.26318359375,9.580,0,release,0
1682170974145,-9.015,-1.289,1.102,-3.360,-3.360,-10.570,8.075,-83.032,-0.24609375,9.173,0,release,0
1682170974253,-9.381,-1.653,2.139,-2.100,2.240,-4.830,9.745,-77.157,-0.259033203125,9.763,0,release,0
1682170974359,-9.420,-1.878,2.187,-10.150,-6.370,0.490,10.989,-76.931,-0.270751953125,9.851,0,release,0
